System Time,RDTSC,Elapsed Time (sec), CPU Utilization,CPU Frequency_0(MHz),Processor Power_0(Watt),Cumulative Processor Energy_0(Joules),Cumulative Processor Energy_0(mWh),IA Power_0(Watt),Cumulative IA Energy_0(Joules),Cumulative IA Energy_0(mWh),Package Temperature_0(C),Package Hot_0,DRAM Power_0(Watt),Cumulative DRAM Energy_0(Joules),Cumulative DRAM Energy_0(mWh),GT Power_0(Watt),Cumulative GT Energy_0(Joules),Cumulative GT Energy_0(mWh),Package PL1_0(Watt),Package PL2_0(Watt),Package PL4_0(Watt),Platform PsysPL1_0(Watt),Platform PsysPL2_0(Watt),GT Frequency(MHz),GT Utilization(%)
20:32:43:072,3.05E+14,0.122,26,3700,21.209,2.578,0.716,18.913,2.299,0.639,73,0,0.842,0.102,0.028,0.023,0.003,0.001,51,51,71,0,0,4,0.429
20:32:43:180,3.05E+14,0.23,19,3700,16.326,4.344,1.207,14.232,3.838,1.066,69,0,0.61,0.168,0.047,0.014,0.004,0.001,51,51,71,0,0,3,0.163
20:32:43:288,3.05E+14,0.338,23,3700,19.356,6.445,1.79,17.319,5.719,1.589,74,0,0.681,0.242,0.067,0.006,0.005,0.001,51,51,71,0,0,2,0.074
20:32:43:399,3.05E+14,0.449,7,3700,7.158,7.238,2.011,5.352,6.311,1.753,67,0,0.315,0.277,0.077,0.004,0.005,0.001,51,51,71,0,0,1,0
20:32:43:508,3.05E+14,0.558,9,3700,10.228,8.348,2.319,8.39,7.222,2.006,63,0,0.326,0.313,0.087,0.009,0.006,0.002,51,51,71,0,0,110,0
20:32:43:616,3.05E+14,0.666,10,3700,11.124,9.553,2.654,9.204,8.219,2.283,68,0,0.421,0.358,0.099,0.012,0.008,0.002,51,51,71,0,0,2,0.082
20:32:43:726,3.05E+14,0.776,21,3700,9.545,10.609,2.947,7.659,9.066,2.518,63,0,0.513,0.415,0.115,0.012,0.009,0.002,51,51,71,0,0,3,0.158
20:32:43:835,3.05E+14,0.885,10,3700,12.799,11.993,3.331,10.615,10.214,2.837,61,0,0.543,0.474,0.132,0.038,0.013,0.004,51,51,71,0,0,9,1.132
20:32:43:945,3.05E+14,0.995,5,800,2.226,12.239,3.4,0.765,10.299,2.861,58,0,0.313,0.508,0.141,0.003,0.013,0.004,51,51,71,0,0,21,0
20:32:44:053,3.05E+14,1.103,7,800,2.07,12.463,3.462,0.73,10.377,2.883,57,0,0.266,0.537,0.149,0.093,0.024,0.007,51,51,71,0,0,28,0
20:32:44:162,3.05E+14,1.212,8,3500,6.147,13.129,3.647,4.414,10.856,3.016,58,0,0.203,0.559,0.155,0.254,0.051,0.014,51,51,71,0,0,91,0
20:32:44:271,3.05E+14,1.321,14,3700,12.002,14.441,4.011,9.993,11.948,3.319,62,0,0.602,0.625,0.174,0.252,0.079,0.022,51,51,71,0,0,10,1.852
20:32:44:380,3.05E+14,1.43,8,2200,7.801,15.289,4.247,5.769,12.576,3.493,59,0,0.626,0.693,0.192,0.38,0.12,0.033,51,51,71,0,0,54,10.308
20:32:44:489,3.05E+14,1.539,6,1100,3.329,15.652,4.348,1.902,12.783,3.551,58,0,0.214,0.716,0.199,0.197,0.141,0.039,51,51,71,0,0,1,0
20:32:44:598,3.05E+14,1.648,15,1900,3.2,16.001,4.445,1.509,12.947,3.596,58,0,0.439,0.764,0.212,0.347,0.179,0.05,51,51,71,0,0,46,8.986
20:32:44:707,3.05E+14,1.757,13,3700,8.348,16.911,4.698,6.269,13.631,3.786,60,0,0.732,0.844,0.234,0.492,0.233,0.065,51,51,71,0,0,90,17.619
20:32:44:817,3.05E+14,1.867,22,3700,11.64,18.194,5.054,9.605,14.69,4.08,63,0,0.689,0.92,0.256,0.429,0.28,0.078,51,51,71,0,0,72,14.079
20:32:44:927,3.05E+14,1.977,11,800,6.037,18.859,5.239,3.853,15.114,4.198,58,0,0.576,0.983,0.273,0.452,0.33,0.092,51,51,71,0,0,85,14.384
20:32:45:037,3.05E+14,2.087,11,2600,5.935,19.51,5.419,3.912,15.543,4.317,59,0,0.633,1.053,0.292,0.451,0.38,0.105,51,51,71,0,0,76,15.2
20:32:45:145,3.05E+14,2.194,11,3700,9.852,20.569,5.714,7.59,16.359,4.544,60,0,0.713,1.129,0.314,0.451,0.428,0.119,51,51,71,0,0,74,14.487
20:32:45:256,3.05E+14,2.306,11,3100,7.627,21.422,5.951,5.655,16.991,4.72,60,0,0.632,1.2,0.333,0.445,0.478,0.133,51,51,71,0,0,75,14.353
20:32:45:366,3.05E+14,2.415,29,3700,17.711,23.358,6.488,15.092,18.641,5.178,65,0,0.887,1.297,0.36,0.421,0.524,0.146,51,51,71,0,0,67,12.76
20:32:45:475,3.05E+14,2.524,8,900,3.536,23.744,6.595,2.026,18.862,5.24,59,0,0.255,1.325,0.368,0.22,0.548,0.152,51,51,71,0,0,22,0.799
20:32:45:583,3.05E+14,2.632,16,900,4.257,24.203,6.723,2.812,19.166,5.324,58,0,0.205,1.347,0.374,0.242,0.574,0.159,51,51,71,0,0,9,0
20:32:45:694,3.05E+14,2.744,15,3700,3.419,24.583,6.829,1.762,19.362,5.378,58,0,0.216,1.371,0.381,0.212,0.598,0.166,51,51,71,0,0,91,0
20:32:45:837,3.05E+14,2.887,17,3400,4.998,25.299,7.027,3.32,19.837,5.51,61,0,0.291,1.413,0.392,0.218,0.629,0.175,51,51,71,0,0,5,0.846
20:32:45:912,3.05E+14,2.962,1,1400,3.368,25.552,7.098,1.961,19.984,5.551,57,0,0.202,1.428,0.397,0.201,0.644,0.179,51,51,71,0,0,4,0.319
20:32:46:022,3.05E+14,3.072,26,3700,10.67,26.723,7.423,9.005,20.973,5.826,69,0,0.601,1.494,0.415,0.299,0.677,0.188,51,51,71,0,0,39,7.144
20:32:46:133,3.05E+14,3.183,7,1700,8.112,27.626,7.674,6.335,21.678,6.022,59,0,0.454,1.544,0.429,0.342,0.715,0.198,51,51,71,0,0,44,8.763
20:32:46:243,3.05E+14,3.293,9,3700,6.677,28.358,7.877,4.945,22.22,6.172,59,0,0.326,1.58,0.439,0.222,0.739,0.205,51,51,71,0,0,10,1.749
20:32:46:354,3.05E+14,3.404,7,900,2.476,28.634,7.954,1.055,22.337,6.205,57,0,0.209,1.603,0.445,0.195,0.761,0.211,51,51,71,0,0,17,0
20:32:46:452,3.05E+14,3.501,5,900,2.471,28.874,8.021,0.845,22.419,6.228,57,0,0.158,1.619,0.45,0.247,0.785,0.218,51,51,71,0,0,27,0
20:32:46:572,3.05E+14,3.622,4,900,2.454,29.171,8.103,0.965,22.536,6.26,57,0,0.178,1.64,0.456,0.244,0.814,0.226,51,51,71,0,0,7,0
20:32:46:669,3.05E+14,3.719,2,900,2.646,29.427,8.174,1.241,22.656,6.293,57,0,0.156,1.655,0.46,0.211,0.835,0.232,51,51,71,0,0,8,0
20:32:46:801,3.05E+14,3.851,14,3700,4.574,30.03,8.342,3.144,23.07,6.408,67,0,0.2,1.682,0.467,0.223,0.864,0.24,51,51,71,0,0,7,1.269
20:32:46:887,3.05E+14,3.937,2,1200,3.601,30.34,8.428,2.129,23.254,6.459,57,0,0.222,1.701,0.472,0.205,0.882,0.245,51,51,71,0,0,5,0.58
20:32:46:996,3.05E+14,4.046,6,900,2.179,30.577,8.494,0.544,23.313,6.476,57,0,0.161,1.718,0.477,0.196,0.903,0.251,51,51,71,0,0,21,0
20:32:47:106,3.05E+14,4.156,6,900,2.552,30.858,8.572,0.96,23.419,6.505,57,0,0.171,1.737,0.483,0.249,0.93,0.258,51,51,71,0,0,24,0
20:32:47:215,3.05E+14,4.265,3,900,2.802,31.164,8.657,0.924,23.52,6.533,56,0,0.176,1.756,0.488,0.248,0.958,0.266,51,51,71,0,0,10,0
20:32:47:326,3.05E+14,4.376,2,900,2.904,31.486,8.746,1.49,23.685,6.579,57,0,0.164,1.775,0.493,0.211,0.981,0.272,51,51,71,0,0,9,0
20:32:47:438,3.05E+14,4.488,4,900,2.521,31.769,8.825,1.11,23.809,6.614,56,0,0.165,1.793,0.498,0.213,1.005,0.279,51,51,71,0,0,19,0
20:32:47:549,3.05E+14,4.599,5,900,2.38,32.033,8.898,0.929,23.912,6.642,56,0,0.167,1.812,0.503,0.243,1.032,0.287,51,51,71,0,0,26,0
20:32:47:659,3.05E+14,4.708,2,900,2.519,32.308,8.974,1.068,24.029,6.675,56,0,0.167,1.83,0.508,0.256,1.06,0.294,51,51,71,0,0,9,0
20:32:47:768,3.05E+14,4.817,5,3700,2.665,32.599,9.055,1.283,24.169,6.714,56,0,0.171,1.848,0.513,0.214,1.083,0.301,51,51,71,0,0,1,0
20:32:47:879,3.05E+14,4.929,4,1500,6.108,33.282,9.245,4.271,24.647,6.846,57,0,0.231,1.874,0.521,0.21,1.107,0.307,51,51,71,0,0,7,0.971
20:32:47:990,3.05E+14,5.04,5,900,2.291,33.536,9.315,0.874,24.743,6.873,56,0,0.17,1.893,0.526,0.198,1.129,0.314,51,51,71,0,0,22,0
20:32:48:098,3.05E+14,5.148,7,800,3.293,33.892,9.414,1.589,24.915,6.921,56,0,0.193,1.914,0.532,0.256,1.156,0.321,51,51,71,0,0,10,0
20:32:48:207,3.05E+14,5.257,13,3700,7.147,34.666,9.63,5.343,25.494,7.082,61,0,0.319,1.949,0.541,0.216,1.18,0.328,51,51,71,0,0,133,0
20:32:48:316,3.05E+14,5.366,16,3700,16.71,36.493,10.137,14.831,27.116,7.532,85,0,0.367,1.989,0.552,0.2,1.202,0.334,51,51,71,0,0,1,0
20:32:48:427,3.05E+14,5.477,9,1400,6.479,37.214,10.337,4.575,27.625,7.673,58,0,0.266,2.018,0.561,0.206,1.225,0.34,51,51,71,0,0,0,0
20:32:48:537,3.05E+14,5.587,10,800,2.301,37.466,10.407,0.739,27.706,7.696,57,0,0.197,2.04,0.567,0.199,1.246,0.346,51,51,71,0,0,15,0
20:32:48:645,3.05E+14,5.695,4,3700,3.609,37.855,10.515,1.941,27.915,7.754,65,0,0.177,2.059,0.572,0.235,1.272,0.353,51,51,71,0,0,1,0
20:32:48:754,3.05E+14,5.804,7,1300,6.715,38.593,10.72,4.896,28.453,7.904,57,0,0.244,2.086,0.579,0.196,1.293,0.359,51,51,71,0,0,1,0
20:32:48:864,3.05E+14,5.913,10,3100,8.016,39.467,10.963,5.932,29.099,8.083,58,0,0.375,2.127,0.591,0.215,1.317,0.366,51,51,71,0,0,8,1.055
20:32:48:974,3.05E+14,6.024,8,800,3.079,39.807,11.057,1.601,29.276,8.132,57,0,0.231,2.152,0.598,0.197,1.338,0.372,51,51,71,0,0,18,0
20:32:49:083,3.05E+14,6.133,6,900,2.249,40.053,11.126,0.806,29.364,8.157,56,0,0.162,2.17,0.603,0.242,1.365,0.379,51,51,71,0,0,27,0
20:32:49:195,3.05E+14,6.245,6,800,2.655,40.35,11.208,0.999,29.476,8.188,56,0,0.173,2.189,0.608,0.259,1.394,0.387,51,51,71,0,0,25,0
20:32:49:306,3.05E+14,6.356,4,900,2.334,40.609,11.28,0.865,29.572,8.215,56,0,0.155,2.206,0.613,0.253,1.422,0.395,51,51,71,0,0,24,0
20:32:49:416,3.05E+14,6.466,4,900,2.289,40.861,11.35,0.842,29.665,8.24,56,0,0.155,2.224,0.618,0.249,1.449,0.403,51,51,71,0,0,24,0
20:32:49:512,3.05E+14,6.561,2,3300,3.171,41.162,11.434,1.708,29.827,8.285,56,0,0.174,2.24,0.622,0.259,1.474,0.409,51,51,71,0,0,97,0
20:32:49:636,3.05E+14,6.686,3,900,2.021,41.415,11.504,0.631,29.906,8.307,56,0,0.156,2.259,0.628,0.195,1.498,0.416,51,51,71,0,0,4,0
20:32:49:761,3.05E+14,6.81,6,900,2.489,41.724,11.59,1.079,30.04,8.344,56,0,0.173,2.281,0.634,0.21,1.524,0.423,51,51,71,0,0,7,0
20:32:49:856,3.05E+14,6.906,7,3700,5.882,42.285,11.746,4.375,30.457,8.46,57,0,0.267,2.306,0.641,0.242,1.547,0.43,51,51,71,0,0,12,1.559
20:32:49:966,3.05E+14,7.016,3,900,2.63,42.574,11.826,1.229,30.592,8.498,55,0,0.161,2.324,0.646,0.199,1.569,0.436,51,51,71,0,0,21,0
20:32:50:076,3.05E+14,7.126,3,900,2.483,42.847,11.902,1.038,30.706,8.53,56,0,0.168,2.342,0.651,0.252,1.597,0.444,51,51,71,0,0,9,0
20:32:50:186,3.05E+14,7.236,7,1200,4.682,43.362,12.045,3.205,31.059,8.628,56,0,0.251,2.37,0.658,0.213,1.62,0.45,51,51,71,0,0,2,0
20:32:50:297,3.05E+14,7.347,7,3700,5.182,43.939,12.205,3.635,31.464,8.74,59,0,0.181,2.39,0.664,0.198,1.643,0.456,51,51,71,0,0,89,0
20:32:50:409,3.05E+14,7.458,4,800,2.492,44.217,12.283,1.007,31.576,8.771,56,0,0.156,2.408,0.669,0.195,1.664,0.462,51,51,71,0,0,4,0
20:32:50:519,3.05E+14,7.569,5,1500,5.496,44.822,12.451,3.712,31.985,8.885,57,0,0.345,2.446,0.679,0.236,1.69,0.47,51,51,71,0,0,9,1.162
20:32:50:630,3.05E+14,7.679,6,900,2.21,45.067,12.519,0.644,32.057,8.905,56,0,0.18,2.466,0.685,0.198,1.712,0.476,51,51,71,0,0,8,0
20:32:50:740,3.05E+14,7.79,6,900,6.168,45.748,12.708,4.434,32.546,9.041,57,0,0.25,2.493,0.693,0.214,1.736,0.482,51,51,71,0,0,7,0
20:32:50:850,3.05E+14,7.9,8,3700,6.467,46.458,12.905,4.858,33.079,9.189,58,0,0.299,2.526,0.702,0.236,1.762,0.489,51,51,71,0,0,8,1.187
20:32:50:959,3.05E+14,8.009,3,800,2.752,46.758,12.988,1.18,33.208,9.224,56,0,0.162,2.544,0.707,0.199,1.783,0.495,51,51,71,0,0,7,0
20:32:51:069,3.05E+14,8.119,2,900,2.445,47.028,13.063,1.029,33.321,9.256,56,0,0.156,2.561,0.711,0.212,1.807,0.502,51,51,71,0,0,7,0
20:32:51:180,3.05E+14,8.23,5,900,2.948,47.355,13.154,1.35,33.471,9.298,56,0,0.174,2.58,0.717,0.212,1.83,0.508,51,51,71,0,0,23,0
20:32:51:290,3.05E+14,8.34,2,2300,3.389,47.728,13.258,1.882,33.678,9.355,55,0,0.219,2.604,0.723,0.254,1.858,0.516,51,51,71,0,0,1,0
20:32:51:400,3.05E+14,8.45,4,800,1.991,47.947,13.319,0.591,33.743,9.373,55,0,0.161,2.622,0.728,0.197,1.88,0.522,51,51,71,0,0,7,0
20:32:51:509,3.05E+14,8.559,3,2100,4.701,48.458,13.461,3.038,34.074,9.465,56,0,0.229,2.647,0.735,0.209,1.903,0.529,51,51,71,0,0,1,0
20:32:51:620,3.05E+14,8.67,10,3700,3.125,48.806,13.557,1.503,34.241,9.511,58,0,0.182,2.667,0.741,0.199,1.925,0.535,51,51,71,0,0,116,0
20:32:51:730,3.05E+14,8.78,4,900,3.001,49.136,13.649,1.305,34.385,9.551,56,0,0.178,2.687,0.746,0.196,1.947,0.541,51,51,71,0,0,3,0
20:32:51:840,3.05E+14,8.889,13,3700,4.743,49.655,13.793,3.259,34.741,9.65,58,0,0.276,2.717,0.755,0.24,1.973,0.548,51,51,71,0,0,10,1.313
20:32:51:964,3.05E+14,9.014,6,800,3.04,50.034,13.898,1.461,34.923,9.701,56,0,0.178,2.739,0.761,0.195,1.997,0.555,51,51,71,0,0,15,0
20:32:52:059,3.05E+14,9.109,21,3700,14.111,51.369,14.269,12.092,36.067,10.019,67,0,0.667,2.802,0.778,0.305,2.026,0.563,51,51,71,0,0,24,2.932
20:32:52:183,3.05E+14,9.233,18,3700,14.306,53.149,14.764,12.687,37.646,10.457,77,0,0.399,2.852,0.792,0.241,2.056,0.571,51,51,71,0,0,16,2.027
20:32:52:294,3.05E+14,9.343,12,3700,12.252,54.5,15.139,10.829,38.84,10.789,70,0,0.157,2.869,0.797,0.207,2.079,0.577,51,51,71,0,0,127,0
20:32:52:405,3.05E+14,9.455,17,3800,14.567,56.123,15.59,13.101,40.3,11.194,79,0,0.169,2.888,0.802,0.206,2.102,0.584,51,51,71,0,0,0,0
20:32:52:515,3.05E+14,9.565,12,3700,12.065,57.454,15.959,10.71,41.481,11.522,73,0,0.157,2.906,0.807,0.201,2.124,0.59,51,51,71,0,0,117,0
20:32:52:625,3.05E+14,9.674,12,3700,12.198,58.788,16.33,10.829,42.665,11.851,75,0,0.158,2.923,0.812,0.202,2.146,0.596,51,51,71,0,0,1,0
20:32:52:735,3.05E+14,9.785,13,3700,12.503,60.168,16.713,11.029,43.882,12.19,71,0,0.169,2.942,0.817,0.197,2.168,0.602,51,51,71,0,0,0,0
20:32:52:845,3.05E+14,9.895,22,3700,14.937,61.817,17.171,13.539,45.377,12.605,71,0,0.241,2.968,0.824,0.216,2.192,0.609,51,51,71,0,0,9,1.192
20:32:52:956,3.05E+14,10.006,15,3700,13.463,63.306,17.585,11.924,46.696,12.971,72,0,0.26,2.997,0.832,0.196,2.213,0.615,51,51,71,0,0,133,0
20:32:53:067,3.05E+14,10.116,17,3700,14.237,64.879,18.022,12.603,48.089,13.358,72,0,0.299,3.03,0.842,0.21,2.237,0.621,51,51,71,0,0,3,0.366
20:32:53:177,3.05E+14,10.227,12,3700,12.22,66.229,18.397,10.738,49.275,13.688,73,0,0.156,3.047,0.846,0.193,2.258,0.627,51,51,71,0,0,145,0
20:32:53:287,3.05E+14,10.337,13,3800,12.586,67.617,18.783,11.028,50.491,14.025,79,0,0.172,3.066,0.852,0.194,2.279,0.633,51,51,71,0,0,0,0
20:32:53:399,3.05E+14,10.448,12,3700,11.978,68.95,19.153,10.618,51.673,14.354,72,0,0.153,3.083,0.856,0.196,2.301,0.639,51,51,71,0,0,133,0
20:32:53:508,3.05E+14,10.558,12,3700,12.357,70.302,19.528,10.879,52.863,14.684,73,0,0.168,3.102,0.862,0.19,2.322,0.645,51,51,71,0,0,0,0
20:32:53:618,3.05E+14,10.668,12,3700,12.176,71.645,19.901,10.829,54.058,15.016,73,0,0.157,3.119,0.866,0.192,2.343,0.651,51,51,71,0,0,136,0
20:32:53:730,3.05E+14,10.779,16,3700,14.682,73.279,20.355,13.102,55.515,15.421,72,0,0.171,3.138,0.872,0.193,2.365,0.657,51,51,71,0,0,0,0
20:32:53:824,3.05E+14,10.874,26,3700,15.81,74.771,20.77,14.237,56.859,15.794,75,0,0.279,3.164,0.879,0.212,2.385,0.662,51,51,71,0,0,10,1.492
20:32:53:949,3.05E+14,10.999,13,3700,12.442,76.33,21.203,11.08,58.247,16.18,73,0,0.186,3.188,0.885,0.195,2.409,0.669,51,51,71,0,0,3,0.242
20:32:54:059,3.05E+14,11.109,12,3800,12.521,77.706,21.585,10.878,59.443,16.512,73,0,0.167,3.206,0.891,0.189,2.43,0.675,51,51,71,0,0,1,0
20:32:54:169,3.05E+14,11.219,12,3700,12.128,79.039,21.955,10.692,60.618,16.838,77,0,0.165,3.224,0.896,0.193,2.451,0.681,51,51,71,0,0,144,0
20:32:54:279,3.05E+14,11.329,18,3700,14.591,80.651,22.403,13.248,62.081,17.245,76,0,0.254,3.252,0.903,0.19,2.472,0.687,51,51,71,0,0,0,0
20:32:54:389,3.05E+14,11.438,17,3700,14.615,82.245,22.846,13.149,63.516,17.643,73,0,0.171,3.271,0.909,0.191,2.493,0.692,51,51,71,0,0,1,0
20:32:54:498,3.05E+14,11.548,12,3700,12.581,83.621,23.228,10.962,64.714,17.976,73,0,0.165,3.289,0.914,0.188,2.513,0.698,51,51,71,0,0,128,0
20:32:54:609,3.05E+14,11.659,12,3700,12.663,85.031,23.62,11.219,65.964,18.323,73,0,0.162,3.307,0.919,0.191,2.534,0.704,51,51,71,0,0,1,0
20:32:54:720,3.05E+14,11.769,16,3700,14.758,86.661,24.073,13.112,67.412,18.726,71,0,0.195,3.329,0.925,0.187,2.555,0.71,51,51,71,0,0,0,0
20:32:54:830,3.05E+14,11.879,40,3700,19.73,88.829,24.675,17.682,69.355,19.265,76,0,0.37,3.369,0.936,0.209,2.578,0.716,51,51,71,0,0,7,0.838
20:32:54:940,3.05E+14,11.989,21,3700,17.888,90.797,25.221,15.88,71.102,19.75,76,0,0.32,3.404,0.946,0.195,2.6,0.722,51,51,71,0,0,3,0.406
20:32:55:050,3.05E+14,12.1,29,3700,21.081,93.127,25.869,19.015,73.204,20.334,76,0,0.326,3.44,0.956,0.193,2.621,0.728,51,51,71,0,0,1,0
20:32:55:159,3.05E+14,12.209,31,3700,21.637,95.485,26.524,19.636,75.344,20.929,76,0,0.401,3.484,0.968,0.194,2.642,0.734,51,51,71,0,0,126,0
20:32:55:270,3.05E+14,12.32,22,3700,17.426,97.416,27.06,15.659,77.079,21.411,79,0,0.375,3.526,0.979,0.003,2.642,0.734,51,51,71,0,0,1,0
20:32:55:382,3.05E+14,12.432,13,3700,12.517,98.82,27.45,11.119,78.326,21.757,76,0,0.17,3.545,0.985,0.006,2.643,0.734,51,51,71,0,0,1,0
20:32:55:493,3.05E+14,12.542,13,3700,12.305,100.18,27.828,11.139,79.557,22.099,77,0,0.161,3.563,0.99,0.004,2.643,0.734,51,51,71,0,0,1,0
20:32:55:604,3.05E+14,12.653,13,3700,12.396,101.558,28.211,11.172,80.799,22.444,76,0,0.175,3.582,0.995,0.005,2.644,0.734,51,51,71,0,0,1,0
20:32:55:699,3.05E+14,12.749,12,3700,12.488,102.748,28.541,11.192,81.865,22.74,77,0,0.159,3.597,0.999,0.004,2.644,0.735,51,51,71,0,0,1,0
20:32:55:823,3.05E+14,12.874,27,3800,14.373,104.545,29.04,13.143,83.508,23.197,76,0,0.218,3.624,1.007,0.026,2.648,0.735,51,51,71,0,0,4,0.55
20:32:55:920,3.05E+14,12.969,14,3700,12.648,105.754,29.376,11.43,84.602,23.5,74,0,0.214,3.645,1.012,0.018,2.649,0.736,51,51,71,0,0,4,0.406
20:32:56:029,3.05E+14,13.079,29,3700,17.521,107.672,29.909,15.805,86.331,23.981,78,0,0.522,3.702,1.028,0.002,2.65,0.736,51,51,71,0,0,1,0
20:32:56:136,3.05E+14,13.186,21,3700,17.181,109.515,30.421,15.602,88.005,24.446,76,0,0.268,3.731,1.036,0.006,2.65,0.736,51,51,71,0,0,122,0
20:32:56:247,3.05E+14,13.297,15,3700,13.741,111.032,30.842,12.424,89.376,24.827,78,0,0.255,3.759,1.044,0.004,2.651,0.736,51,51,71,0,0,1,0
20:32:56:355,3.05E+14,13.405,15,3700,13.529,112.499,31.25,11.929,90.67,25.186,74,0,0.202,3.781,1.05,0.006,2.651,0.736,51,51,71,0,0,1,0
20:32:56:465,3.05E+14,13.515,21,3700,16.182,114.282,31.745,14.731,92.293,25.637,79,0,0.259,3.809,1.058,0.002,2.652,0.737,51,51,71,0,0,1,0
20:32:56:576,3.05E+14,13.626,12,3700,12.305,115.647,32.124,11.067,93.521,25.978,76,0,0.156,3.827,1.063,0.003,2.652,0.737,51,51,71,0,0,1,0
20:32:56:685,3.05E+14,13.735,12,3700,12.378,116.994,32.498,11.134,94.732,26.315,78,0,0.163,3.844,1.068,0.004,2.652,0.737,51,51,71,0,0,1,0
20:32:56:823,3.05E+14,13.874,27,3800,14.278,118.977,33.049,13.007,96.539,26.816,74,0,0.22,3.875,1.076,0.02,2.655,0.738,51,51,71,0,0,3,0.489
20:32:56:904,3.05E+14,13.954,13,3700,12.62,119.986,33.329,11.31,97.443,27.068,76,0,0.2,3.891,1.081,0.015,2.656,0.738,51,51,71,0,0,5,0.392
20:32:57:013,3.05E+14,14.063,13,3700,12.352,121.335,33.704,11.155,98.662,27.406,74,0,0.169,3.909,1.086,0.007,2.657,0.738,51,51,71,0,0,107,0
20:32:57:123,3.05E+14,14.172,16,3700,14.114,122.877,34.132,12.916,100.073,27.798,77,0,0.227,3.934,1.093,0.006,2.658,0.738,51,51,71,0,0,1,0
20:32:57:232,3.05E+14,14.282,12,3700,12.324,124.224,34.507,11.105,101.287,28.135,71,0,0.164,3.952,1.098,0.007,2.659,0.739,51,51,71,0,0,0,0
20:32:57:341,3.05E+14,14.391,12,3700,12.261,125.566,34.88,10.936,102.484,28.468,71,0,0.155,3.969,1.103,0.008,2.659,0.739,51,51,71,0,0,119,0
20:32:57:451,3.05E+14,14.501,13,3700,12.581,126.952,35.265,11.246,103.723,28.812,72,0,0.167,3.988,1.108,0.006,2.66,0.739,51,51,71,0,0,0,0
20:32:57:560,3.05E+14,14.61,13,3800,12.723,128.332,35.648,11.516,104.971,29.159,75,0,0.184,4.007,1.113,0.004,2.661,0.739,51,51,71,0,0,117,0
20:32:57:670,3.05E+14,14.719,12,3700,12.493,129.704,36.029,11.127,106.193,29.498,75,0,0.163,4.025,1.118,0.005,2.661,0.739,51,51,71,0,0,1,0
20:32:57:778,3.05E+14,14.828,13,3700,12.835,131.096,36.416,11.488,107.439,29.844,77,0,0.176,4.044,1.123,0.006,2.662,0.739,51,51,71,0,0,1,0
20:32:57:888,3.05E+14,14.937,18,3700,14.162,132.645,36.846,12.925,108.853,30.237,75,0,0.24,4.071,1.131,0.033,2.665,0.74,51,51,71,0,0,5,0.783
20:32:57:997,3.05E+14,15.047,13,3700,12.455,134.007,37.224,11.238,110.082,30.578,76,0,0.168,4.089,1.136,0.007,2.666,0.741,51,51,71,0,0,114,0
20:32:58:106,3.05E+14,15.156,13,3700,13.187,135.45,37.625,11.713,111.364,30.934,78,0,0.187,4.11,1.142,0.003,2.667,0.741,51,51,71,0,0,1,0
20:32:58:215,3.05E+14,15.265,13,3700,12.935,136.855,38.015,11.43,112.605,31.279,75,0,0.178,4.129,1.147,0.004,2.667,0.741,51,51,71,0,0,0,0
20:32:58:325,3.05E+14,15.374,12,3700,12.23,138.199,38.389,11.013,113.815,31.615,74,0,0.162,4.147,1.152,0.009,2.668,0.741,51,51,71,0,0,113,0
20:32:58:433,3.05E+14,15.483,14,3700,12.955,139.604,38.779,11.64,115.078,31.966,75,0,0.179,4.166,1.157,0.007,2.669,0.741,51,51,71,0,0,1,0
20:32:58:558,3.05E+14,15.608,17,3700,14.577,141.428,39.286,13.188,116.728,32.424,75,0,0.182,4.189,1.164,0.008,2.67,0.742,51,51,71,0,0,1,0
20:32:58:669,3.05E+14,15.718,12,3700,12.219,142.777,39.66,11.014,117.944,32.762,74,0,0.159,4.206,1.168,0.007,2.67,0.742,51,51,71,0,0,126,0
20:32:58:779,3.05E+14,15.828,14,3700,13.139,144.222,40.062,11.684,119.229,33.119,75,0,0.203,4.229,1.175,0.007,2.671,0.742,51,51,71,0,0,1,0
20:32:58:889,3.05E+14,15.939,19,3800,14.555,145.827,40.508,13.231,120.688,33.524,81,0,0.245,4.256,1.182,0.033,2.675,0.743,51,51,71,0,0,5,0.777
20:32:58:999,3.05E+14,16.049,13,3700,12.43,147.199,40.889,11.248,121.929,33.869,82,0,0.161,4.273,1.187,0.006,2.676,0.743,51,51,71,0,0,115,0
20:32:59:109,3.05E+14,16.158,14,3700,13.016,148.62,41.283,11.584,123.194,34.221,76,0,0.193,4.295,1.193,0.006,2.676,0.743,51,51,71,0,0,0,0
20:32:59:220,3.05E+14,16.27,13,3700,12.312,149.991,41.664,11.002,124.419,34.561,75,0,0.156,4.312,1.198,0.004,2.677,0.744,51,51,71,0,0,155,0
20:32:59:328,3.05E+14,16.378,29,3700,17.931,151.934,42.204,16.148,126.169,35.047,80,0,0.518,4.368,1.213,0.015,2.678,0.744,51,51,71,0,0,2,0.123
20:32:59:439,3.05E+14,16.488,12,3700,12.125,153.271,42.575,10.938,127.375,35.382,76,0,0.15,4.385,1.218,0.006,2.679,0.744,51,51,71,0,0,119,0
20:32:59:550,3.05E+14,16.6,12,3800,12.366,154.648,42.958,11.055,128.606,35.724,81,0,0.159,4.402,1.223,0.006,2.68,0.744,51,51,71,0,0,1,0
20:32:59:660,3.05E+14,16.71,13,3700,12.501,156.029,43.341,11.324,129.857,36.071,75,0,0.168,4.421,1.228,0.004,2.68,0.744,51,51,71,0,0,1,0
20:32:59:769,3.05E+14,16.819,13,3700,12.888,157.432,43.731,11.686,131.129,36.425,72,0,0.174,4.44,1.233,0.008,2.681,0.745,51,51,71,0,0,1,0
20:32:59:879,3.05E+14,16.929,20,3700,14.49,159.022,44.173,13.159,132.573,36.826,75,0,0.233,4.465,1.24,0.035,2.685,0.746,51,51,71,0,0,4,0.591
20:32:59:989,3.05E+14,17.039,13,3800,12.342,160.383,44.551,11.148,133.803,37.167,76,0,0.162,4.483,1.245,0.004,2.685,0.746,51,51,71,0,0,121,0
20:33:00:101,3.05E+14,17.151,61,3700,29.941,163.733,45.481,28.064,136.943,38.04,87,0,0.917,4.586,1.274,0.005,2.686,0.746,51,51,71,0,0,0,0
20:33:00:209,3.05E+14,17.259,59,3700,34.101,167.42,46.506,31.909,140.393,38.998,85,0,0.949,4.688,1.302,0.005,2.686,0.746,51,51,71,0,0,125,0
20:33:00:318,3.05E+14,17.368,15,3700,15.697,169.129,46.98,13.865,141.902,39.417,81,0,0.238,4.714,1.31,0.008,2.687,0.746,51,51,71,0,0,1,0
20:33:00:427,3.05E+14,17.477,12,3700,13.189,170.569,47.38,11.917,143.203,39.779,82,0,0.159,4.732,1.314,0.005,2.688,0.747,51,51,71,0,0,1,0
20:33:00:536,3.05E+14,17.586,26,3700,17.52,172.478,47.911,16.233,144.972,40.27,82,0,0.389,4.774,1.326,0.006,2.688,0.747,51,51,71,0,0,1,0.028
20:33:00:648,3.05E+14,17.698,27,3700,20.577,174.779,48.55,18.735,147.067,40.852,82,0,0.775,4.861,1.35,0.013,2.69,0.747,51,51,71,0,0,2,0.052
20:33:00:758,3.05E+14,17.808,13,3700,12.801,176.19,48.942,11.574,148.343,41.206,79,0,0.169,4.879,1.355,0.006,2.69,0.747,51,51,71,0,0,1,0
20:33:00:869,3.05E+14,17.918,22,3800,14.545,177.795,49.388,13.323,149.813,41.615,79,0,0.218,4.904,1.362,0.023,2.693,0.748,51,51,71,0,0,7,1.07
20:33:00:979,3.05E+14,18.028,13,3700,12.398,179.158,49.766,11.149,151.039,41.955,75,0,0.17,4.922,1.367,0.007,2.694,0.748,51,51,71,0,0,1,0
20:33:01:087,3.05E+14,18.137,12,3800,12.274,180.488,50.136,10.976,152.228,42.286,82,0,0.156,4.939,1.372,0.006,2.694,0.748,51,51,71,0,0,101,0
20:33:01:196,3.05E+14,18.246,13,3700,12.599,181.866,50.518,11.411,153.476,42.632,74,0,0.176,4.958,1.377,0.007,2.695,0.749,51,51,71,0,0,2,0
20:33:01:307,3.05E+14,18.356,12,3700,12.42,183.235,50.899,11.22,154.713,42.976,78,0,0.158,4.976,1.382,0.006,2.696,0.749,51,51,71,0,0,1,0
20:33:01:402,3.05E+14,18.452,14,3700,13.031,184.479,51.244,11.705,155.83,43.286,82,0,0.226,4.997,1.388,0.005,2.696,0.749,51,51,71,0,0,1,0
20:33:01:512,3.05E+14,18.562,13,3700,12.767,185.887,51.635,11.363,157.083,43.634,81,0,0.17,5.016,1.393,0.007,2.697,0.749,51,51,71,0,0,1,0
20:33:01:624,3.05E+14,18.673,14,3700,12.896,187.321,52.034,11.653,158.379,43.994,78,0,0.211,5.04,1.4,0.005,2.698,0.749,51,51,71,0,0,1,0
20:33:01:735,3.05E+14,18.785,14,3700,12.884,188.756,52.432,11.379,159.646,44.346,78,0,0.178,5.059,1.405,0.005,2.698,0.749,51,51,71,0,0,0,0
20:33:01:845,3.05E+14,18.895,26,3700,14.879,190.398,52.888,13.66,161.154,44.765,78,0,0.22,5.084,1.412,0.027,2.701,0.75,51,51,71,0,0,6,0.823
20:33:01:956,3.05E+14,19.005,14,3700,12.694,191.798,53.277,11.475,162.419,45.116,76,0,0.196,5.105,1.418,0.012,2.702,0.751,51,51,71,0,0,4,0.41
20:33:02:066,3.05E+14,19.116,14,3900,13.054,193.238,53.677,11.741,163.715,45.476,78,0,0.179,5.125,1.424,0.008,2.703,0.751,51,51,71,0,0,1,0
20:33:02:177,3.05E+14,19.227,12,3800,12.164,194.588,54.052,10.943,164.929,45.814,77,0,0.152,5.142,1.428,0.007,2.704,0.751,51,51,71,0,0,1,0
20:33:02:287,3.05E+14,19.337,14,3700,12.881,196.009,54.447,11.681,166.218,46.172,77,0,0.185,5.162,1.434,0.008,2.705,0.751,51,51,71,0,0,1,0
20:33:02:399,3.05E+14,19.448,12,3700,12.561,197.408,54.835,11.157,167.46,46.517,78,0,0.161,5.18,1.439,0.009,2.706,0.752,51,51,71,0,0,1,0
20:33:02:508,3.05E+14,19.558,13,3700,12.762,198.804,55.223,11.48,168.716,46.866,76,0,0.173,5.199,1.444,0.004,2.706,0.752,51,51,71,0,0,118,0
20:33:02:619,3.05E+14,19.669,17,3700,14.989,200.471,55.686,13.583,170.227,47.285,77,0,0.166,5.218,1.449,0.004,2.707,0.752,51,51,71,0,0,1,0
20:33:02:715,3.05E+14,19.765,12,3700,12.571,201.678,56.022,11.28,171.31,47.586,82,0,0.157,5.233,1.454,0.009,2.708,0.752,51,51,71,0,0,0,0
20:33:02:852,3.05E+14,19.902,26,3800,14.444,203.658,56.572,13.068,173.101,48.084,77,0,0.216,5.262,1.462,0.023,2.711,0.753,51,51,71,0,0,7,1.054
20:33:02:933,3.05E+14,19.983,14,3700,12.7,204.687,56.858,11.442,174.028,48.341,79,0,0.206,5.279,1.466,0.014,2.712,0.753,51,51,71,0,0,4,0.298
20:33:03:043,3.05E+14,20.093,13,3700,12.41,206.054,57.237,11.185,175.26,48.683,77,0,0.163,5.297,1.471,0.004,2.712,0.753,51,51,71,0,0,1,0
20:33:03:154,3.05E+14,20.203,12,3700,12.285,207.409,57.614,11.069,176.481,49.023,77,0,0.157,5.314,1.476,0.008,2.713,0.754,51,51,71,0,0,123,0
20:33:03:264,3.05E+14,20.314,12,3700,12.254,208.761,57.989,10.985,177.694,49.359,75,0,0.151,5.331,1.481,0.005,2.714,0.754,51,51,71,0,0,1,0
20:33:03:375,3.05E+14,20.425,13,3700,12.509,210.154,58.376,11.302,178.952,49.709,81,0,0.169,5.35,1.486,0.006,2.714,0.754,51,51,71,0,0,1,0
20:33:03:485,3.05E+14,20.535,12,3700,12.566,211.536,58.76,11.339,180.199,50.055,80,0,0.151,5.366,1.491,0.004,2.715,0.754,51,51,71,0,0,0,0
20:33:03:596,3.05E+14,20.645,12,3700,12.493,212.914,59.143,11.288,181.444,50.401,80,0,0.165,5.385,1.496,0.004,2.715,0.754,51,51,71,0,0,106,0
20:33:03:707,3.05E+14,20.757,12,3700,12.556,214.312,59.531,11.252,182.697,50.749,80,0,0.157,5.402,1.501,0.008,2.716,0.755,51,51,71,0,0,1,0
20:33:03:855,3.05E+14,20.905,26,3700,14.186,216.413,60.115,12.95,184.614,51.282,79,0,0.226,5.436,1.51,0.022,2.72,0.755,51,51,71,0,0,3,0.486
20:33:03:929,3.05E+14,20.979,18,3700,14.046,217.449,60.402,12.793,185.558,51.544,80,0,0.293,5.457,1.516,0.022,2.721,0.756,51,51,71,0,0,31,2.4
20:33:04:039,3.05E+14,21.089,13,3700,12.907,218.87,60.797,11.437,186.818,51.894,76,0,0.173,5.476,1.521,0.004,2.722,0.756,51,51,71,0,0,2,0
20:33:04:150,3.05E+14,21.2,12,3700,12.729,220.288,61.191,11.321,188.078,52.244,82,0,0.164,5.495,1.526,0.004,2.722,0.756,51,51,71,0,0,0,0
20:33:04:261,3.05E+14,21.31,17,3700,14.401,221.878,61.633,13.079,189.523,52.645,78,0,0.235,5.521,1.534,0.003,2.722,0.756,51,51,71,0,0,104,0
20:33:04:356,3.05E+14,21.406,13,3700,12.586,223.08,61.967,11.297,190.601,52.945,80,0,0.17,5.537,1.538,0.007,2.723,0.756,51,51,71,0,0,1,0
20:33:04:465,3.05E+14,21.515,12,3700,12.9,224.488,62.358,11.48,191.854,53.293,78,0,0.16,5.554,1.543,0.005,2.724,0.757,51,51,71,0,0,1,0
20:33:04:575,3.05E+14,21.625,12,3700,12.453,225.851,62.736,11.257,193.087,53.635,78,0,0.164,5.572,1.548,0.008,2.725,0.757,51,51,71,0,0,1,0
20:33:04:684,3.05E+14,21.733,18,3700,14.002,227.375,63.16,12.741,194.474,54.02,81,0,0.163,5.59,1.553,0.004,2.725,0.757,51,51,71,0,0,1,0
20:33:04:793,3.05E+14,21.843,13,3700,12.957,228.79,63.553,11.65,195.745,54.374,76,0,0.175,5.609,1.558,0.004,2.726,0.757,51,51,71,0,0,1,0
20:33:04:902,3.05E+14,21.952,18,3700,14.739,230.402,64.001,13.484,197.221,54.783,76,0,0.252,5.637,1.566,0.04,2.73,0.758,51,51,71,0,0,5,0.774
20:33:05:012,3.05E+14,22.061,13,3700,12.57,231.776,64.382,11.384,198.465,55.129,81,0,0.16,5.654,1.571,0.01,2.731,0.759,51,51,71,0,0,1,0
20:33:05:136,3.05E+14,22.186,12,3700,12.399,233.316,64.81,11.173,199.853,55.515,77,0,0.157,5.674,1.576,0.003,2.731,0.759,51,51,71,0,0,106,0
20:33:05:230,3.05E+14,22.28,18,3700,14.123,234.647,65.18,12.756,201.055,55.849,81,0,0.248,5.697,1.583,0.007,2.732,0.759,51,51,71,0,0,0,0
20:33:05:340,3.05E+14,22.39,12,3700,12.413,236.016,65.56,11.026,202.271,56.186,77,0,0.153,5.714,1.587,0.004,2.732,0.759,51,51,71,0,0,137,0
20:33:05:452,3.05E+14,22.501,13,3700,12.53,237.409,65.947,11.311,203.528,56.536,76,0,0.166,5.732,1.592,0.008,2.733,0.759,51,51,71,0,0,1,0
20:33:05:562,3.05E+14,22.612,12,3800,12.916,238.836,66.343,11.439,204.792,56.887,82,0,0.16,5.75,1.597,0.008,2.734,0.759,51,51,71,0,0,0,0
20:33:05:672,3.05E+14,22.722,12,3700,12.397,240.203,66.723,11.181,206.025,57.229,76,0,0.164,5.768,1.602,0.003,2.735,0.76,51,51,71,0,0,108,0
20:33:05:783,3.05E+14,22.832,14,3700,12.877,241.625,67.118,11.67,207.313,57.587,85,0,0.18,5.788,1.608,0.006,2.735,0.76,51,51,71,0,0,1,0
20:33:05:892,3.05E+14,22.942,18,3700,14.343,243.199,67.555,13.056,208.747,57.985,80,0,0.234,5.814,1.615,0.028,2.738,0.761,51,51,71,0,0,4,0.614
20:33:06:004,3.05E+14,23.054,13,3700,12.759,244.621,67.95,11.466,210.024,58.34,78,0,0.179,5.834,1.62,0.005,2.739,0.761,51,51,71,0,0,1,0
20:33:06:113,3.05E+14,23.163,12,3700,12.518,245.988,68.33,11.325,211.261,58.684,80,0,0.152,5.85,1.625,0.004,2.739,0.761,51,51,71,0,0,115,0
20:33:06:223,3.05E+14,23.273,12,3700,12.859,247.407,68.724,11.458,212.526,59.035,76,0,0.161,5.868,1.63,0.007,2.74,0.761,51,51,71,0,0,0,0
20:33:06:335,3.05E+14,23.384,24,3700,18.536,249.471,69.297,16.62,214.376,59.549,82,0,0.737,5.95,1.653,0.006,2.741,0.761,51,51,71,0,0,110,0
20:33:06:446,3.05E+14,23.496,20,3700,17.065,251.372,69.826,15.677,216.122,60.034,80,0,0.44,5.999,1.666,0.004,2.741,0.761,51,51,71,0,0,1,0
20:33:06:555,3.05E+14,23.605,13,3700,12.5,252.742,70.206,11.312,217.362,60.378,79,0,0.178,6.019,1.672,0.007,2.742,0.762,51,51,71,0,0,1,0
20:33:06:666,3.05E+14,23.715,13,3700,12.485,254.115,70.588,11.301,218.605,60.724,79,0,0.157,6.036,1.677,0.006,2.743,0.762,51,51,71,0,0,0,0
20:33:06:777,3.05E+14,23.827,18,3700,15.386,255.829,71.064,13.857,220.149,61.152,78,0,0.188,6.057,1.682,0.003,2.743,0.762,51,51,71,0,0,119,0
20:33:06:887,3.05E+14,23.937,20,3700,14.787,257.453,71.515,13.327,221.612,61.559,79,0,0.297,6.089,1.692,0.044,2.748,0.763,51,51,71,0,0,6,0.789
20:33:06:998,3.05E+14,24.048,14,3700,13.02,258.903,71.918,11.728,222.918,61.922,76,0,0.176,6.109,1.697,0.003,2.748,0.763,51,51,71,0,0,118,0
20:33:07:109,3.05E+14,24.158,13,3700,12.894,260.324,72.312,11.641,224.201,62.278,79,0,0.217,6.133,1.704,0.003,2.749,0.763,51,51,71,0,0,1,0
20:33:07:218,3.05E+14,24.268,13,3700,12.502,261.69,72.692,11.202,225.425,62.618,80,0,0.16,6.15,1.708,0.003,2.749,0.764,51,51,71,0,0,1,0
20:33:07:328,3.05E+14,24.378,13,3700,12.519,263.07,73.075,11.305,226.671,62.964,80,0,0.157,6.168,1.713,0.005,2.75,0.764,51,51,71,0,0,1,0
20:33:07:439,3.05E+14,24.489,12,3700,12.222,264.431,73.453,11.034,227.9,63.306,77,0,0.152,6.185,1.718,0.004,2.75,0.764,51,51,71,0,0,1,0
20:33:07:550,3.05E+14,24.6,13,3700,12.649,265.829,73.841,11.36,229.155,63.654,78,0,0.175,6.204,1.723,0.006,2.751,0.764,51,51,71,0,0,1,0
20:33:07:660,3.05E+14,24.71,12,3700,12.22,267.176,74.215,11.028,230.371,63.992,80,0,0.156,6.221,1.728,0.007,2.751,0.764,51,51,71,0,0,0,0
20:33:07:771,3.05E+14,24.82,14,3800,12.873,268.596,74.61,11.678,231.66,64.35,77,0,0.181,6.241,1.734,0.004,2.752,0.764,51,51,71,0,0,105,0
20:33:07:882,3.05E+14,24.932,19,3700,14.318,270.191,75.053,12.97,233.105,64.751,81,0,0.22,6.266,1.741,0.036,2.756,0.765,51,51,71,0,0,4,0.662
20:33:07:993,3.05E+14,25.043,12,3700,12.389,271.566,75.435,11.156,234.343,65.095,76,0,0.157,6.283,1.745,0.007,2.757,0.766,51,51,71,0,0,167,0
20:33:08:102,3.05E+14,25.152,13,3700,12.668,272.946,75.818,11.433,235.588,65.441,82,0,0.17,6.302,1.75,0.004,2.757,0.766,51,51,71,0,0,1,0
20:33:08:212,3.05E+14,25.262,12,3700,12.449,274.318,76.199,11.245,236.827,65.785,79,0,0.151,6.318,1.755,0.006,2.758,0.766,51,51,71,0,0,1,0
20:33:08:323,3.05E+14,25.373,13,3700,13.051,275.772,76.603,11.653,238.125,66.146,84,0,0.18,6.338,1.761,0.004,2.758,0.766,51,51,71,0,0,1,0
20:33:08:418,3.05E+14,25.467,12,3700,12.433,276.945,76.929,11.223,239.184,66.44,82,0,0.151,6.353,1.765,0.006,2.759,0.766,51,51,71,0,0,1,0
20:33:08:527,3.05E+14,25.577,12,3700,12.571,278.319,77.311,11.281,240.417,66.783,79,0,0.164,6.371,1.77,0.004,2.759,0.766,51,51,71,0,0,1,0
20:33:08:638,3.05E+14,25.688,15,3700,13.059,279.774,77.715,11.884,241.741,67.15,79,0,0.176,6.39,1.775,0.007,2.76,0.767,51,51,71,0,0,1,0
20:33:08:750,3.05E+14,25.799,19,3700,15.883,281.542,78.206,14.565,243.363,67.601,79,0,0.185,6.411,1.781,0.004,2.76,0.767,51,51,71,0,0,1,0
20:33:08:860,3.05E+14,25.91,22,3700,15.297,283.23,78.675,14.049,244.913,68.031,80,0,0.237,6.437,1.788,0.028,2.763,0.768,51,51,71,0,0,4,0.6
20:33:08:971,3.05E+14,26.021,12,3700,12.567,284.628,79.063,11.365,246.177,68.383,81,0,0.166,6.456,1.793,0.008,2.764,0.768,51,51,71,0,0,139,0
20:33:09:082,3.05E+14,26.131,13,3700,12.45,286.002,79.445,11.23,247.417,68.727,80,0,0.158,6.473,1.798,0.004,2.765,0.768,51,51,71,0,0,1,0
20:33:09:193,3.05E+14,26.242,13,3700,12.543,287.394,79.832,11.301,248.671,69.075,80,0,0.17,6.492,1.803,0.007,2.766,0.768,51,51,71,0,0,1,0
20:33:09:304,3.05E+14,26.354,12,3700,12.426,288.777,80.216,11.149,249.912,69.42,79,0,0.157,6.509,1.808,0.008,2.766,0.768,51,51,71,0,0,1,0
20:33:09:414,3.05E+14,26.464,12,3700,12.382,290.143,80.595,11.193,251.147,69.763,85,0,0.158,6.527,1.813,0.004,2.767,0.769,51,51,71,0,0,1,0
20:33:09:526,3.05E+14,26.575,12,3800,12.217,291.504,80.973,11.012,252.373,70.104,79,0,0.156,6.544,1.818,0.005,2.768,0.769,51,51,71,0,0,0,0
20:33:09:636,3.05E+14,26.686,13,3700,12.636,292.898,81.361,11.155,253.604,70.445,78,0,0.153,6.561,1.823,0.004,2.768,0.769,51,51,71,0,0,1,0
20:33:09:731,3.05E+14,26.781,13,3700,12.785,294.117,81.699,11.525,254.703,70.751,77,0,0.189,6.579,1.828,0.012,2.769,0.769,51,51,71,0,0,2,0
20:33:09:841,3.05E+14,26.891,25,3700,14.963,295.755,82.154,13.706,256.203,71.167,82,0,0.223,6.604,1.834,0.03,2.772,0.77,51,51,71,0,0,9,1.184
20:33:09:952,3.05E+14,27.002,13,3700,12.882,297.188,82.552,11.574,257.491,71.525,80,0,0.196,6.625,1.84,0.012,2.774,0.771,51,51,71,0,0,3,0.273
20:33:10:062,3.05E+14,27.112,13,3700,12.817,298.604,82.946,11.559,258.768,71.88,80,0,0.161,6.643,1.845,0.003,2.774,0.771,51,51,71,0,0,136,0
20:33:10:173,3.05E+14,27.222,13,3700,12.587,299.99,83.331,11.178,259.999,72.222,82,0,0.154,6.66,1.85,0.003,2.774,0.771,51,51,71,0,0,1,0
20:33:10:284,3.05E+14,27.334,13,3700,12.844,301.421,83.728,11.558,261.286,72.579,75,0,0.174,6.679,1.855,0.007,2.775,0.771,51,51,71,0,0,0,0
20:33:10:394,3.05E+14,27.444,13,3700,12.911,302.838,84.122,11.637,262.564,72.934,78,0,0.172,6.698,1.861,0.006,2.776,0.771,51,51,71,0,0,111,0
20:33:10:505,3.05E+14,27.554,12,3700,12.334,304.204,84.501,11.179,263.801,73.278,75,0,0.161,6.716,1.866,0.006,2.776,0.771,51,51,71,0,0,1,0
20:33:10:615,3.05E+14,27.665,12,3700,12.384,305.57,84.881,11.073,265.022,73.617,80,0,0.158,6.734,1.87,0.004,2.777,0.771,51,51,71,0,0,1,0
20:33:10:725,3.05E+14,27.775,13,3700,12.721,306.976,85.271,11.54,266.298,73.972,79,0,0.166,6.752,1.876,0.008,2.778,0.772,51,51,71,0,0,1,0
20:33:10:849,3.05E+14,27.899,26,3700,16.599,309.029,85.841,15.347,268.196,74.499,81,0,0.217,6.779,1.883,0.02,2.78,0.772,51,51,71,0,0,3,0.387
20:33:10:946,3.05E+14,27.996,14,3700,13.147,310.301,86.195,11.573,269.316,74.81,78,0,0.213,6.799,1.889,0.022,2.782,0.773,51,51,71,0,0,7,0.995
20:33:11:056,3.05E+14,28.106,19,3700,15.423,312.004,86.668,13.789,270.839,75.233,83,0,0.27,6.829,1.897,0.006,2.783,0.773,51,51,71,0,0,1,0
20:33:11:167,3.05E+14,28.216,13,3700,13.054,313.443,87.067,11.724,272.131,75.592,81,0,0.174,6.848,1.902,0.011,2.784,0.773,51,51,71,0,0,1,0
20:33:11:277,3.05E+14,28.327,13,3700,12.871,314.867,87.463,11.623,273.417,75.949,84,0,0.169,6.867,1.908,0.004,2.785,0.774,51,51,71,0,0,120,0
20:33:11:388,3.05E+14,28.438,13,3800,13.247,316.339,87.872,11.773,274.725,76.312,84,0,0.186,6.888,1.913,0.009,2.786,0.774,51,51,71,0,0,1,0
20:33:11:498,3.05E+14,28.548,13,3700,12.605,317.726,88.257,11.369,275.976,76.66,79,0,0.17,6.906,1.918,0.003,2.786,0.774,51,51,71,0,0,1,0
20:33:11:608,3.05E+14,28.657,12,3700,12.507,319.091,88.636,11.295,277.209,77.002,82,0,0.155,6.923,1.923,0.003,2.786,0.774,51,51,71,0,0,1,0
20:33:11:718,3.05E+14,28.768,12,3700,12.489,320.473,89.02,11.2,278.448,77.347,78,0,0.152,6.94,1.928,0.006,2.787,0.774,51,51,71,0,0,1,0
20:33:11:841,3.05E+14,28.891,25,3800,14.514,322.268,89.519,13.378,280.102,77.806,80,0,0.221,6.967,1.935,0.019,2.789,0.775,51,51,71,0,0,3,0.384
20:33:11:939,3.05E+14,28.989,13,3800,12.675,323.505,89.863,11.329,281.209,78.114,80,0,0.19,6.986,1.941,0.018,2.791,0.775,51,51,71,0,0,4,0.441
20:33:12:050,3.05E+14,29.099,15,3700,13.005,324.94,90.261,11.796,282.51,78.475,78,0,0.19,7.007,1.946,0.003,2.792,0.775,51,51,71,0,0,107,0
20:33:12:159,3.05E+14,29.209,18,3700,14.214,326.493,90.692,12.89,283.918,78.866,82,0,0.236,7.033,1.954,0.006,2.792,0.776,51,51,71,0,0,1,0
20:33:12:270,3.05E+14,29.32,12,3700,12.424,327.875,91.076,11.221,285.166,79.213,83,0,0.155,7.05,1.958,0.003,2.792,0.776,51,51,71,0,0,0,0
20:33:12:382,3.05E+14,29.431,15,3700,13.558,329.384,91.496,12.112,286.515,79.587,82,0,0.248,7.078,1.966,0.004,2.793,0.776,51,51,71,0,0,110,0
20:33:12:491,3.05E+14,29.541,12,3700,12.611,330.764,91.879,11.29,287.75,79.931,81,0,0.155,7.095,1.971,0.007,2.794,0.776,51,51,71,0,0,1,0
20:33:12:601,3.05E+14,29.651,14,3700,13.131,332.208,92.28,11.85,289.053,80.292,77,0,0.225,7.119,1.978,0.008,2.795,0.776,51,51,71,0,0,1,0
20:33:12:712,3.05E+14,29.762,12,3700,12.508,333.6,92.667,11.286,290.309,80.641,84,0,0.149,7.136,1.982,0.003,2.795,0.776,51,51,71,0,0,1,0
20:33:12:852,3.05E+14,29.903,50,3700,16.001,335.854,93.293,14.668,292.375,81.215,79,0,0.279,7.175,1.993,0.026,2.799,0.777,51,51,71,0,0,3,0.527
20:33:12:932,3.05E+14,29.982,16,3700,15.261,337.058,93.627,13.628,293.45,81.514,82,0,0.268,7.196,1.999,0.016,2.8,0.778,51,51,71,0,0,4,0.254
20:33:13:041,3.05E+14,30.091,13,3700,12.902,338.467,94.019,11.607,294.718,81.866,78,0,0.166,7.214,2.004,0.007,2.801,0.778,51,51,71,0,0,113,0
20:33:13:136,3.05E+14,30.186,13,3700,12.826,339.689,94.358,11.611,295.824,82.173,78,0,0.17,7.231,2.008,0.006,2.801,0.778,51,51,71,0,0,1,0
20:33:13:248,3.05E+14,30.297,12,3700,12.473,341.076,94.743,11.263,297.077,82.521,83,0,0.151,7.247,2.013,0.007,2.802,0.778,51,51,71,0,0,1,0
20:33:13:358,3.05E+14,30.408,13,3700,12.678,342.479,95.133,11.392,298.337,82.871,83,0,0.168,7.266,2.018,0.003,2.802,0.778,51,51,71,0,0,1,0
20:33:13:469,3.05E+14,30.519,12,3700,12.508,343.869,95.519,11.254,299.588,83.219,84,0,0.155,7.283,2.023,0.009,2.803,0.779,51,51,71,0,0,1,0
20:33:13:579,3.05E+14,30.629,12,3700,12.798,345.269,95.908,11.471,300.843,83.567,84,0,0.165,7.301,2.028,0.007,2.804,0.779,51,51,71,0,0,1,0
20:33:13:689,3.05E+14,30.739,17,3700,15.15,346.94,96.372,13.764,302.361,83.989,84,0,0.175,7.321,2.034,0.008,2.805,0.779,51,51,71,0,0,1,0
20:33:13:799,3.05E+14,30.849,17,3700,15.288,348.62,96.839,13.575,303.853,84.404,77,0,0.209,7.344,2.04,0.009,2.806,0.779,51,51,71,0,0,0,0
20:33:13:909,3.05E+14,30.959,18,3700,14.866,350.26,97.294,13.432,305.334,84.815,84,0,0.24,7.37,2.047,0.03,2.809,0.78,51,51,71,0,0,9,1.278
20:33:14:021,3.05E+14,31.07,13,3700,12.844,351.689,97.691,11.608,306.626,85.174,81,0,0.162,7.388,2.052,0.004,2.81,0.78,51,51,71,0,0,1,0
20:33:14:131,3.05E+14,31.181,13,3700,12.843,353.106,98.085,11.509,307.896,85.527,77,0,0.168,7.407,2.057,0.003,2.81,0.781,51,51,71,0,0,117,0
20:33:14:241,3.05E+14,31.291,12,3700,12.495,354.484,98.468,11.278,309.14,85.872,82,0,0.153,7.423,2.062,0.007,2.811,0.781,51,51,71,0,0,1,0
20:33:14:352,3.05E+14,31.401,17,3800,14.395,356.072,98.909,13.143,310.589,86.275,81,0,0.232,7.449,2.069,0.006,2.811,0.781,51,51,71,0,0,1,0
20:33:14:462,3.05E+14,31.512,13,3700,12.688,357.472,99.298,11.468,311.855,86.626,83,0,0.166,7.467,2.074,0.005,2.812,0.781,51,51,71,0,0,1,0
20:33:14:572,3.05E+14,31.622,12,3700,12.519,358.853,99.681,11.209,313.091,86.97,79,0,0.159,7.485,2.079,0.008,2.813,0.781,51,51,71,0,0,1,0
20:33:14:682,3.05E+14,31.732,13,3700,12.725,360.256,100.071,11.488,314.358,87.322,80,0,0.159,7.502,2.084,0.005,2.813,0.782,51,51,71,0,0,1,0
20:33:14:793,3.05E+14,31.842,14,3700,12.961,361.686,100.468,11.729,315.652,87.681,80,0,0.178,7.522,2.089,0.002,2.814,0.782,51,51,71,0,0,0,0
20:33:14:918,3.05E+14,31.967,20,3700,16.521,363.749,101.041,15.199,317.549,88.208,84,0,0.233,7.551,2.098,0.033,2.818,0.783,51,51,71,0,0,10,1.329
20:33:15:028,3.05E+14,32.078,14,3700,13.081,365.192,101.442,11.765,318.847,88.569,79,0,0.177,7.571,2.103,0.002,2.818,0.783,51,51,71,0,0,1,0
20:33:15:139,3.05E+14,32.189,12,3700,12.986,366.637,101.844,11.542,320.132,88.926,84,0,0.158,7.588,2.108,0.005,2.819,0.783,51,51,71,0,0,119,0
20:33:15:250,3.05E+14,32.299,12,3700,12.69,368.036,102.232,11.463,321.396,89.277,83,0,0.161,7.606,2.113,0.008,2.819,0.783,51,51,71,0,0,1,0
20:33:15:360,3.05E+14,32.41,12,3700,12.921,369.465,102.629,11.402,322.657,89.627,84,0,0.156,7.623,2.118,0.008,2.82,0.783,51,51,71,0,0,1,0
20:33:15:471,3.05E+14,32.521,12,3700,12.552,370.859,103.016,11.298,323.911,89.975,79,0,0.152,7.64,2.122,0.003,2.821,0.784,51,51,71,0,0,1,0
20:33:15:582,3.05E+14,32.632,13,3700,12.736,372.276,103.41,11.516,325.193,90.331,83,0,0.173,7.659,2.128,0.005,2.821,0.784,51,51,71,0,0,1,0
20:33:15:694,3.05E+14,32.744,12,3700,12.697,373.691,103.803,11.463,326.47,90.686,84,0,0.157,7.677,2.132,0.002,2.821,0.784,51,51,71,0,0,1,0
20:33:15:804,3.05E+14,32.853,13,3700,13.065,375.126,104.202,11.795,327.766,91.046,78,0,0.176,7.696,2.138,0.006,2.822,0.784,51,51,71,0,0,0,0
20:33:15:914,3.05E+14,32.964,17,3700,14.674,376.745,104.651,13.277,329.23,91.453,80,0,0.237,7.722,2.145,0.038,2.826,0.785,51,51,71,0,0,11,1.537
20:33:16:024,3.05E+14,33.074,14,3700,12.931,378.172,105.048,11.71,330.523,91.812,78,0,0.176,7.742,2.151,0.003,2.827,0.785,51,51,71,0,0,1,0
20:33:16:133,3.05E+14,33.183,12,3700,12.633,379.548,105.43,11.381,331.762,92.156,81,0,0.159,7.759,2.155,0.005,2.827,0.785,51,51,71,0,0,116,0
20:33:16:243,3.05E+14,33.293,12,3700,12.694,380.944,105.818,11.448,333.021,92.506,84,0,0.159,7.777,2.16,0.003,2.828,0.785,51,51,71,0,0,1,0
20:33:16:354,3.05E+14,33.404,13,3700,12.689,382.355,106.21,11.437,334.293,92.859,80,0,0.164,7.795,2.165,0.005,2.828,0.786,51,51,71,0,0,1,0
20:33:16:464,3.05E+14,33.513,13,3700,12.895,383.763,106.601,11.464,335.544,93.207,83,0,0.157,7.812,2.17,0.003,2.828,0.786,51,51,71,0,0,1,0
20:33:16:573,3.05E+14,33.623,13,3700,12.976,385.182,106.995,11.611,336.814,93.56,87,0,0.175,7.831,2.175,0.008,2.829,0.786,51,51,71,0,0,1,0
20:33:16:683,3.05E+14,33.733,12,3700,12.486,386.559,107.378,11.286,338.059,93.905,89,0,0.152,7.848,2.18,0.005,2.83,0.786,51,51,71,0,0,0,0
20:33:16:794,3.05E+14,33.843,15,3700,13.003,387.996,107.777,11.78,339.361,94.267,82,0,0.184,7.868,2.186,0.004,2.83,0.786,51,51,71,0,0,103,0
20:33:16:903,3.05E+14,33.952,17,3700,14.773,389.606,108.224,13.452,340.827,94.674,85,0,0.237,7.894,2.193,0.039,2.835,0.787,51,51,71,0,0,5,0.716
20:33:17:013,3.05E+14,34.063,17,3700,15.173,391.276,108.688,13.824,342.349,95.097,84,0,0.165,7.912,2.198,0.004,2.835,0.788,51,51,71,0,0,147,0
20:33:17:122,3.05E+14,34.172,25,3700,19.278,393.384,109.273,17.529,344.265,95.629,83,0,0.749,7.994,2.221,0.003,2.835,0.788,51,51,71,0,0,0,0
20:33:17:232,3.05E+14,34.281,15,3700,14.514,394.97,109.714,13.049,345.691,96.025,81,0,0.192,8.015,2.226,0.005,2.836,0.788,51,51,71,0,0,118,0
20:33:17:342,3.05E+14,34.392,13,3700,12.817,396.385,110.107,11.499,346.961,96.378,84,0,0.165,8.033,2.231,0.006,2.837,0.788,51,51,71,0,0,1,0
20:33:17:451,3.05E+14,34.501,12,3700,12.904,397.794,110.498,11.445,348.21,96.725,85,0,0.154,8.05,2.236,0.007,2.837,0.788,51,51,71,0,0,1,0
20:33:17:561,3.05E+14,34.61,13,3700,12.764,399.191,110.886,11.36,349.453,97.07,87,0,0.165,8.068,2.241,0.007,2.838,0.788,51,51,71,0,0,1,0
20:33:17:670,3.05E+14,34.72,13,3700,12.744,400.584,111.273,11.4,350.7,97.417,83,0,0.171,8.087,2.246,0.007,2.839,0.789,51,51,71,0,0,1,0
20:33:17:779,3.05E+14,34.829,14,3700,13.519,402.063,111.684,12.215,352.036,97.788,84,0,0.235,8.112,2.253,0.004,2.839,0.789,51,51,71,0,0,1,0
20:33:17:888,3.05E+14,34.938,18,3700,15,403.701,112.139,13.487,353.508,98.197,85,0,0.25,8.14,2.261,0.029,2.842,0.79,51,51,71,0,0,4,0.586
20:33:18:000,3.05E+14,35.049,14,3700,13.182,405.169,112.547,11.937,354.838,98.566,89,0,0.209,8.163,2.268,0.005,2.843,0.79,51,51,71,0,0,1,0
20:33:18:109,3.05E+14,35.158,13,3700,12.843,406.566,112.935,11.561,356.095,98.915,83,0,0.161,8.181,2.272,0.006,2.844,0.79,51,51,71,0,0,1,0
20:33:18:217,3.05E+14,35.266,14,3700,13.196,407.995,113.332,11.831,357.376,99.271,83,0,0.184,8.201,2.278,0.003,2.844,0.79,51,51,71,0,0,1,0
20:33:18:326,3.05E+14,35.376,13,3700,13.091,409.427,113.73,11.669,358.653,99.626,81,0,0.175,8.22,2.283,0.005,2.845,0.79,51,51,71,0,0,1,0
20:33:18:435,3.05E+14,35.485,13,3700,13.111,410.859,114.128,11.889,359.952,99.987,80,0,0.181,8.239,2.289,0.003,2.845,0.79,51,51,71,0,0,107,0
20:33:18:546,3.05E+14,35.595,12,3700,12.588,412.248,114.513,11.332,361.202,100.334,80,0,0.162,8.257,2.294,0.004,2.845,0.79,51,51,71,0,0,1,0
20:33:18:656,3.05E+14,35.706,13,3700,12.591,413.637,114.899,11.276,362.446,100.679,81,0,0.158,8.275,2.299,0.008,2.846,0.791,51,51,71,0,0,1,0
20:33:18:765,3.05E+14,35.815,13,3700,13.075,415.067,115.296,11.879,363.745,101.04,82,0,0.182,8.295,2.304,0.007,2.847,0.791,51,51,71,0,0,1,0
20:33:18:875,3.05E+14,35.925,19,3700,14.757,416.682,115.745,13.431,365.215,101.449,80,0,0.244,8.321,2.311,0.033,2.851,0.792,51,51,71,0,0,4,0.627
20:33:18:984,3.05E+14,36.034,17,3700,14.549,418.269,116.186,13.203,366.656,101.849,80,0,0.222,8.346,2.318,0.005,2.851,0.792,51,51,71,0,0,120,0
20:33:19:093,3.05E+14,36.143,15,3800,14.44,419.85,116.625,12.932,368.071,102.242,89,0,0.17,8.364,2.323,0.005,2.852,0.792,51,51,71,0,0,0,0
20:33:19:203,3.05E+14,36.253,13,3700,13.103,421.286,117.024,11.567,369.338,102.594,84,0,0.172,8.383,2.329,0.007,2.852,0.792,51,51,71,0,0,129,0
20:33:19:313,3.05E+14,36.362,12,3700,12.855,422.695,117.415,11.663,370.617,102.949,85,0,0.152,8.4,2.333,0.007,2.853,0.793,51,51,71,0,0,0,0
20:33:19:422,3.05E+14,36.472,12,3700,12.664,424.08,117.8,11.34,371.857,103.294,82,0,0.163,8.417,2.338,0.007,2.854,0.793,51,51,71,0,0,103,0
20:33:19:532,3.05E+14,36.582,12,3800,12.372,425.446,118.179,11.174,373.091,103.636,80,0,0.156,8.435,2.343,0.002,2.854,0.793,51,51,71,0,0,0,0
20:33:19:642,3.05E+14,36.691,12,3700,12.779,426.843,118.568,11.524,374.351,103.986,81,0,0.151,8.451,2.348,0.007,2.855,0.793,51,51,71,0,0,115,0
20:33:19:751,3.05E+14,36.801,13,3700,13.166,428.283,118.967,11.83,375.645,104.346,84,0,0.175,8.47,2.353,0.008,2.856,0.793,51,51,71,0,0,1,0
20:33:19:860,3.05E+14,36.91,21,3800,14.923,429.913,119.42,13.638,377.135,104.76,83,0,0.236,8.496,2.36,0.025,2.858,0.794,51,51,71,0,0,5,0.666
20:33:19:970,3.05E+14,37.019,12,3700,12.599,431.289,119.803,11.372,378.377,105.105,84,0,0.175,8.515,2.365,0.003,2.859,0.794,51,51,71,0,0,118,0
20:33:20:080,3.05E+14,37.13,13,3700,12.689,432.69,120.192,11.369,379.632,105.453,85,0,0.16,8.533,2.37,0.007,2.86,0.794,51,51,71,0,0,0,0
20:33:20:189,3.05E+14,37.239,17,3700,13.872,434.205,120.613,12.597,381.008,105.835,84,0,0.225,8.558,2.377,0.007,2.86,0.795,51,51,71,0,0,106,0
20:33:20:299,3.05E+14,37.348,13,3700,12.894,435.616,121.004,11.647,382.282,106.189,85,0,0.179,8.577,2.383,0.005,2.861,0.795,51,51,71,0,0,1,0
20:33:20:409,3.05E+14,37.459,13,3700,13.291,437.083,121.412,11.741,383.578,106.549,85,0,0.169,8.596,2.388,0.008,2.862,0.795,51,51,71,0,0,0,0
20:33:20:519,3.05E+14,37.569,13,3800,13.095,438.521,121.811,11.834,384.877,106.91,84,0,0.168,8.614,2.393,0.004,2.862,0.795,51,51,71,0,0,119,0
20:33:20:628,3.05E+14,37.678,12,3700,12.892,439.931,122.203,11.442,386.129,107.258,85,0,0.158,8.632,2.398,0.008,2.863,0.795,51,51,71,0,0,1,0
20:33:20:738,3.05E+14,37.787,12,3700,12.64,441.312,122.587,11.429,387.377,107.605,85,0,0.15,8.648,2.402,0.004,2.864,0.795,51,51,71,0,0,1,0
20:33:20:853,3.05E+14,37.903,28,3800,15.049,443.055,123.071,13.742,388.969,108.047,81,0,0.249,8.677,2.41,0.033,2.867,0.796,51,51,71,0,0,4,0.661
20:33:20:958,3.05E+14,38.008,13,3700,12.844,444.399,123.444,11.563,390.179,108.383,80,0,0.196,8.697,2.416,0.01,2.868,0.797,51,51,71,0,0,3,0.254
20:33:21:067,3.05E+14,38.117,18,3700,15.202,446.055,123.904,13.944,391.698,108.805,80,0,0.171,8.716,2.421,0.004,2.869,0.797,51,51,71,0,0,139,0
20:33:21:176,3.05E+14,38.226,12,3700,12.8,447.455,124.293,11.495,392.955,109.154,85,0,0.162,8.734,2.426,0.006,2.87,0.797,51,51,71,0,0,1,0
20:33:21:286,3.05E+14,38.336,12,3800,12.521,448.833,124.676,11.257,394.194,109.498,80,0,0.15,8.75,2.431,0.003,2.87,0.797,51,51,71,0,0,1,0
20:33:21:397,3.05E+14,38.446,13,3700,12.864,450.251,125.07,11.606,395.474,109.854,82,0,0.17,8.769,2.436,0.003,2.87,0.797,51,51,71,0,0,1,0
20:33:21:505,3.05E+14,38.555,12,3700,12.681,451.627,125.452,11.36,396.706,110.196,83,0,0.155,8.786,2.44,0.006,2.871,0.797,51,51,71,0,0,0,0
20:33:21:614,3.05E+14,38.663,12,3700,12.887,453.026,125.841,11.705,397.977,110.549,81,0,0.166,8.804,2.445,0.003,2.871,0.798,51,51,71,0,0,107,0
20:33:21:724,3.05E+14,38.774,12,3700,12.679,454.427,126.23,11.338,399.23,110.897,87,0,0.153,8.82,2.45,0.003,2.872,0.798,51,51,71,0,0,1,0
20:33:21:847,3.05E+14,38.898,29,3700,14.671,456.243,126.734,13.507,400.902,111.362,79,0,0.216,8.847,2.458,0.013,2.873,0.798,51,51,71,0,0,3,0.379
20:33:21:942,3.05E+14,38.991,13,3700,13.278,457.488,127.08,11.669,401.996,111.666,82,0,0.221,8.868,2.463,0.023,2.875,0.799,51,51,71,0,0,7,0.911
20:33:22:050,3.05E+14,39.1,14,3700,13.523,458.956,127.488,12.229,403.323,112.034,88,0,0.182,8.888,2.469,0.004,2.876,0.799,51,51,71,0,0,148,0
20:33:22:159,3.05E+14,39.209,12,3700,15.021,460.595,127.943,13.737,404.822,112.451,92,0,0.168,8.906,2.474,0.006,2.877,0.799,51,51,71,0,0,1,0
20:33:22:269,3.05E+14,39.318,12,3700,15.018,462.236,128.399,13.791,406.329,112.869,93,0,0.153,8.923,2.479,0.008,2.878,0.799,51,51,71,0,0,1,0
20:33:22:378,3.05E+14,39.428,12,3700,15.383,463.92,128.867,14.072,407.87,113.297,94,0,0.167,8.941,2.484,0.003,2.878,0.799,51,51,71,0,0,1,0
20:33:22:488,3.05E+14,39.538,13,3700,15.5,465.628,129.341,14.231,409.438,113.733,86,0,0.168,8.96,2.489,0.007,2.879,0.8,51,51,71,0,0,1,0
20:33:22:598,3.05E+14,39.647,12,3700,14.91,467.258,129.794,13.693,410.935,114.149,93,0,0.162,8.977,2.494,0.004,2.879,0.8,51,51,71,0,0,1,0
20:33:22:706,3.05E+14,39.756,12,3700,15.303,468.915,130.254,13.943,412.445,114.568,93,0,0.156,8.994,2.498,0.01,2.88,0.8,51,51,71,0,0,1,0
20:33:22:839,3.05E+14,39.889,26,3800,16.771,471.158,130.877,15.573,414.527,115.147,87,0,0.207,9.022,2.506,0.016,2.882,0.801,51,51,71,0,0,2,0.354
20:33:22:924,3.05E+14,39.974,13,3700,15.859,472.501,131.25,14.226,415.732,115.481,85,0,0.213,9.04,2.511,0.02,2.884,0.801,51,51,71,0,0,23,2.186
20:33:23:033,3.05E+14,40.083,13,3700,15.507,474.193,131.72,14.019,417.262,115.906,88,0,0.181,9.06,2.517,0.008,2.885,0.801,51,51,71,0,0,1,0
20:33:23:143,3.05E+14,40.192,17,3700,17.241,476.078,132.244,15.822,418.992,116.387,89,0,0.186,9.08,2.522,0.002,2.885,0.801,51,51,71,0,0,1,0
20:33:23:251,3.05E+14,40.301,13,3700,15.581,477.769,132.714,14.038,420.515,116.81,92,0,0.218,9.104,2.529,0.006,2.886,0.802,51,51,71,0,0,1,0
20:33:23:360,3.05E+14,40.41,12,3700,15.081,479.414,133.171,13.764,422.017,117.227,93,0,0.152,9.12,2.533,0.006,2.886,0.802,51,51,71,0,0,1,0
20:33:23:471,3.05E+14,40.52,13,3700,15.705,481.149,133.653,14.275,423.594,117.665,87,0,0.243,9.147,2.541,0.007,2.887,0.802,51,51,71,0,0,1,0
20:33:23:579,3.05E+14,40.629,12,3700,15.252,482.798,134.111,13.832,425.089,118.08,93,0,0.159,9.164,2.546,0.004,2.887,0.802,51,51,71,0,0,1,0
20:33:23:688,3.05E+14,40.738,14,3700,15.81,484.528,134.591,14.597,426.687,118.524,90,0,0.17,9.183,2.551,0.007,2.888,0.802,51,51,71,0,0,1,0
20:33:23:798,3.05E+14,40.847,13,3700,15.457,486.215,135.06,14.019,428.217,118.949,93,0,0.169,9.201,2.556,0.007,2.889,0.802,51,51,71,0,0,1,0
20:33:23:907,3.05E+14,40.957,16,3800,16.889,488.066,135.574,15.473,429.912,119.42,93,0,0.227,9.226,2.563,0.037,2.893,0.804,51,51,71,0,0,4,0.542
20:33:24:016,3.05E+14,41.065,12,3700,15.225,489.721,136.034,13.865,431.42,119.839,87,0,0.172,9.245,2.568,0.008,2.894,0.804,51,51,71,0,0,115,0
20:33:24:125,3.05E+14,41.175,12,3700,15.139,491.376,136.493,13.781,432.926,120.257,85,0,0.161,9.263,2.573,0.009,2.895,0.804,51,51,71,0,0,0,0
20:33:24:234,3.05E+14,41.284,12,3700,15.032,493.019,136.95,13.795,434.434,120.676,94,0,0.167,9.281,2.578,0.004,2.895,0.804,51,51,71,0,0,123,0
20:33:24:344,3.05E+14,41.393,15,3700,16.518,494.825,137.451,15.255,436.101,121.139,95,0,0.236,9.307,2.585,0.007,2.896,0.805,51,51,71,0,0,1,0
20:33:24:454,3.05E+14,41.504,13,3700,15.597,496.543,137.929,14.31,437.678,121.577,95,0,0.168,9.325,2.59,0.004,2.897,0.805,51,51,71,0,0,1,0
20:33:24:563,3.05E+14,41.613,12,3700,15.318,498.219,138.394,13.988,439.208,122.002,83,0,0.173,9.344,2.596,0.008,2.898,0.805,51,51,71,0,0,1,0
20:33:24:673,3.05E+14,41.722,12,3700,14.95,499.851,138.848,13.492,440.681,122.411,97,0,0.154,9.361,2.6,0.01,2.899,0.805,51,51,71,0,0,1,0
20:33:24:782,3.05E+14,41.832,13,3700,15.367,501.534,139.315,14.035,442.218,122.838,90,0,0.181,9.381,2.606,0.006,2.899,0.805,51,51,71,0,0,1,0
20:33:24:890,3.05E+14,41.94,16,3700,16.847,503.356,139.821,15.542,443.899,123.305,98,0,0.239,9.406,2.613,0.029,2.902,0.806,51,51,71,0,0,4,0.555
20:33:25:000,3.05E+14,42.049,12,3700,15.087,505.006,140.279,13.879,445.417,123.727,93,0,0.154,9.423,2.618,0.006,2.903,0.806,51,51,71,0,0,140,0
20:33:25:109,3.05E+14,42.159,14,3700,15.925,506.747,140.763,14.404,446.992,124.164,91,0,0.195,9.445,2.624,0.008,2.904,0.807,51,51,71,0,0,1,0
20:33:25:218,3.05E+14,42.267,16,3700,17.453,508.648,141.291,16.002,448.735,124.649,93,0,0.183,9.465,2.629,0.003,2.904,0.807,51,51,71,0,0,1,0
20:33:25:326,3.05E+14,42.376,13,3700,15.694,510.349,141.764,14.085,450.261,125.072,86,0,0.168,9.483,2.634,0.007,2.905,0.807,51,51,71,0,0,1,0
20:33:25:436,3.05E+14,42.486,13,3700,15.382,512.044,142.235,13.996,451.804,125.501,94,0,0.163,9.501,2.639,0.004,2.906,0.807,51,51,71,0,0,1,0
20:33:25:546,3.05E+14,42.595,12,3700,15.425,513.731,142.703,13.956,453.33,125.925,89,0,0.175,9.52,2.644,0.004,2.906,0.807,51,51,71,0,0,1,0
20:33:25:656,3.05E+14,42.706,13,3600,14.786,515.362,143.156,13.385,454.806,126.335,97,0,0.184,9.54,2.65,0.006,2.907,0.807,51,51,71,0,0,1,0
20:33:25:765,3.05E+14,42.815,13,3800,15.213,517.027,143.619,14.004,456.339,126.761,89,0,0.175,9.559,2.655,0.004,2.907,0.808,51,51,71,0,0,1,0
20:33:25:875,3.05E+14,42.924,18,3700,16.728,518.856,144.127,15.458,458.029,127.23,89,0,0.222,9.584,2.662,0.027,2.91,0.808,51,51,71,0,0,4,0.568
20:33:25:984,3.05E+14,43.034,12,3700,15.415,520.539,144.594,13.909,459.548,127.652,97,0,0.159,9.601,2.667,0.003,2.911,0.808,51,51,71,0,0,154,0
20:33:26:093,3.05E+14,43.143,13,3700,15.179,522.198,145.055,13.656,461.04,128.067,97,0,0.169,9.62,2.672,0.006,2.911,0.809,51,51,71,0,0,1,0
20:33:26:203,3.05E+14,43.252,12,3700,15.024,523.84,145.511,13.646,462.531,128.481,94,0,0.167,9.638,2.677,0.006,2.912,0.809,51,51,71,0,0,1,0
20:33:26:311,3.05E+14,43.361,13,3700,14.964,525.462,145.962,13.523,463.997,128.888,92,0,0.179,9.657,2.683,0.006,2.912,0.809,51,51,71,0,0,1,0
20:33:26:421,3.05E+14,43.47,12,3700,14.811,527.09,146.414,13.424,465.472,129.298,93,0,0.151,9.674,2.687,0.004,2.913,0.809,51,51,71,0,0,1,0
20:33:26:531,3.05E+14,43.581,12,3700,15.378,528.788,146.886,14.078,467.027,129.73,95,0,0.169,9.692,2.692,0.004,2.913,0.809,51,51,71,0,0,1,0
20:33:26:642,3.05E+14,43.691,13,3700,15.698,530.518,147.366,14.417,468.616,130.171,90,0,0.185,9.713,2.698,0.005,2.914,0.809,51,51,71,0,0,1,0
20:33:26:750,3.05E+14,43.8,12,3700,15.104,532.155,147.821,13.756,470.107,130.585,90,0,0.159,9.73,2.703,0.005,2.914,0.81,51,51,71,0,0,1,0
20:33:26:859,3.05E+14,43.909,20,3700,17.098,534.025,148.34,15.75,471.829,131.064,91,0,0.271,9.76,2.711,0.026,2.917,0.81,51,51,71,0,0,4,0.492
20:33:26:969,3.05E+14,44.019,12,3700,15.423,535.725,148.812,14.025,473.375,131.493,93,0,0.166,9.778,2.716,0.003,2.918,0.81,51,51,71,0,0,123,0
20:33:27:080,3.05E+14,44.13,14,3700,16.375,537.533,149.315,15.152,475.049,131.958,86,0,0.202,9.8,2.722,0.005,2.918,0.811,51,51,71,0,0,0,0
20:33:27:189,3.05E+14,44.239,17,3700,17.92,539.491,149.859,16.538,476.856,132.46,92,0,0.215,9.824,2.729,0.006,2.919,0.811,51,51,71,0,0,131,0
20:33:27:298,3.05E+14,44.348,12,3700,15.067,541.138,150.316,13.83,478.368,132.88,94,0,0.152,9.84,2.733,0.005,2.919,0.811,51,51,71,0,0,1,0
20:33:27:410,3.05E+14,44.46,12,3700,15.476,542.863,150.795,13.945,479.921,133.311,95,0,0.165,9.859,2.739,0.007,2.92,0.811,51,51,71,0,0,1,0
20:33:27:519,3.05E+14,44.568,12,3700,15.149,544.513,151.254,13.975,481.443,133.734,94,0,0.159,9.876,2.743,0.008,2.921,0.811,51,51,71,0,0,1,0
20:33:27:628,3.05E+14,44.678,12,3600,15.045,546.159,151.711,13.71,482.944,134.151,98,0,0.159,9.893,2.748,0.003,2.921,0.811,51,51,71,0,0,1,0
20:33:27:737,3.05E+14,44.787,13,3600,14.469,547.739,152.15,13.227,484.388,134.552,97,0,0.168,9.912,2.753,0.004,2.922,0.812,51,51,71,0,0,1,0
20:33:27:848,3.05E+14,44.898,22,3700,17.04,549.621,152.672,15.605,486.111,135.031,86,0,0.215,9.936,2.76,0.027,2.925,0.812,51,51,71,0,0,4,0.596
20:33:27:956,3.05E+14,45.006,12,3700,15.267,551.275,153.132,13.892,487.616,135.449,95,0,0.181,9.955,2.765,0.007,2.925,0.813,51,51,71,0,0,129,0
20:33:28:064,3.05E+14,45.114,12,3700,15.368,552.937,153.594,14.116,489.143,135.873,95,0,0.152,9.972,2.77,0.008,2.926,0.813,51,51,71,0,0,1,0
20:33:28:174,3.05E+14,45.223,12,3700,15.01,554.579,154.05,13.796,490.652,136.292,91,0,0.157,9.989,2.775,0.006,2.927,0.813,51,51,71,0,0,1,0
20:33:28:283,3.05E+14,45.333,13,3700,15.098,556.228,154.508,13.796,492.159,136.711,95,0,0.169,10.007,2.78,0.004,2.927,0.813,51,51,71,0,0,1,0
20:33:28:392,3.05E+14,45.442,13,3700,15.514,557.925,154.979,14.166,493.709,137.141,94,0,0.212,10.031,2.786,0.003,2.928,0.813,51,51,71,0,0,1,0
20:33:28:502,3.05E+14,45.551,13,3700,15.288,559.596,155.443,14.055,495.244,137.568,94,0,0.179,10.05,2.792,0.007,2.929,0.813,51,51,71,0,0,1,0
20:33:28:613,3.05E+14,45.663,12,3800,15.048,561.271,155.909,13.676,496.767,137.991,92,0,0.162,10.068,2.797,0.007,2.929,0.814,51,51,71,0,0,1,0
20:33:28:722,3.05E+14,45.772,17,3700,16.926,563.116,156.421,15.419,498.447,138.458,94,0,0.242,10.094,2.804,0.006,2.93,0.814,51,51,71,0,0,1,0
20:33:28:840,3.05E+14,45.89,25,3700,17.4,565.176,156.993,16.174,500.363,138.99,89,0,0.215,10.12,2.811,0.022,2.933,0.815,51,51,71,0,0,3,0.363
20:33:28:939,3.05E+14,45.989,13,3700,15.776,566.742,157.428,14.429,501.795,139.387,94,0,0.261,10.146,2.818,0.014,2.934,0.815,51,51,71,0,0,25,2.523
20:33:29:049,3.05E+14,46.099,12,3700,15.142,568.397,157.888,13.908,503.315,139.81,95,0,0.157,10.163,2.823,0.003,2.934,0.815,51,51,71,0,0,1,0
20:33:29:158,3.05E+14,46.208,12,3700,15.211,570.057,158.349,13.832,504.824,140.229,89,0,0.159,10.18,2.828,0.005,2.935,0.815,51,51,71,0,0,1,0
20:33:29:268,3.05E+14,46.318,16,3800,17.543,571.986,158.885,16.087,506.593,140.72,94,0,0.181,10.2,2.833,0.008,2.936,0.815,51,51,71,0,0,1,0
20:33:29:377,3.05E+14,46.427,12,3700,15.024,573.626,159.34,13.76,508.095,141.138,90,0,0.153,10.217,2.838,0.006,2.936,0.816,51,51,71,0,0,1,0
20:33:29:484,3.05E+14,46.534,14,3700,15.918,575.334,159.815,14.447,509.646,141.568,91,0,0.206,10.239,2.844,0.007,2.937,0.816,51,51,71,0,0,1,0
20:33:29:594,3.05E+14,46.644,12,3700,15.063,576.982,160.273,13.806,511.156,141.988,93,0,0.155,10.256,2.849,0.003,2.938,0.816,51,51,71,0,0,1,0
20:33:29:703,3.05E+14,46.753,12,3700,15.212,578.648,160.736,13.907,512.679,142.411,95,0,0.155,10.273,2.854,0.006,2.938,0.816,51,51,71,0,0,2,0
20:33:29:837,3.05E+14,46.887,25,3800,16.79,580.905,161.362,15.553,514.77,142.992,95,0,0.207,10.301,2.861,0.017,2.941,0.817,51,51,71,0,0,2,0.363
20:33:29:922,3.05E+14,46.972,13,3700,15.407,582.211,161.725,14.046,515.96,143.322,95,0,0.203,10.318,2.866,0.014,2.942,0.817,51,51,71,0,0,22,2.118
20:33:30:032,3.05E+14,47.081,12,3700,15.352,583.885,162.19,14.097,517.498,143.749,95,0,0.16,10.336,2.871,0.004,2.942,0.817,51,51,71,0,0,1,0
20:33:30:140,3.05E+14,47.19,12,3700,15.482,585.562,162.656,13.916,519.005,144.168,88,0,0.156,10.353,2.876,0.003,2.943,0.817,51,51,71,0,0,1,0
20:33:30:250,3.05E+14,47.3,12,3700,15.232,587.243,163.123,14.004,520.55,144.597,95,0,0.168,10.371,2.881,0.003,2.943,0.817,51,51,71,0,0,1,0
20:33:30:360,3.05E+14,47.409,13,3700,15.219,588.907,163.585,14.018,522.083,145.023,95,0,0.171,10.39,2.886,0.008,2.944,0.818,51,51,71,0,0,1,0
20:33:30:470,3.05E+14,47.52,13,3700,15.682,590.638,164.066,14.338,523.666,145.463,90,0,0.169,10.408,2.891,0.005,2.944,0.818,51,51,71,0,0,1,0
20:33:30:579,3.05E+14,47.629,12,3700,15.308,592.312,164.531,14.047,525.202,145.889,95,0,0.169,10.427,2.896,0.004,2.945,0.818,51,51,71,0,0,1,0
20:33:30:689,3.05E+14,47.738,17,3700,17.779,594.256,165.071,16.302,526.985,146.385,90,0,0.507,10.482,2.912,0.004,2.945,0.818,51,51,71,0,0,1,0
20:33:30:798,3.05E+14,47.848,20,3700,19.878,596.427,165.674,18.308,528.984,146.94,98,0,0.467,10.533,2.926,0.006,2.946,0.818,51,51,71,0,0,1,0
20:33:30:907,3.05E+14,47.957,16,3700,17.038,598.292,166.192,15.655,530.698,147.416,89,0,0.254,10.561,2.934,0.033,2.95,0.819,51,51,71,0,0,4,0.549
20:33:31:017,3.05E+14,48.066,12,3700,15.102,599.941,166.65,13.846,532.21,147.836,91,0,0.158,10.578,2.938,0.004,2.95,0.819,51,51,71,0,0,138,0
20:33:31:125,3.05E+14,48.174,12,3700,15.16,601.578,167.105,13.907,533.711,148.253,95,0,0.165,10.596,2.943,0.006,2.951,0.82,51,51,71,0,0,1,0
20:33:31:233,3.05E+14,48.283,13,3700,15.309,603.236,167.566,13.945,535.221,148.673,95,0,0.165,10.614,2.948,0.003,2.951,0.82,51,51,71,0,0,1,0
20:33:31:342,3.05E+14,48.392,20,3700,18.843,605.296,168.138,17.605,537.146,149.207,95,0,0.225,10.639,2.955,0.003,2.951,0.82,51,51,71,0,0,1,0
20:33:31:452,3.05E+14,48.502,13,3700,15.735,607.027,168.619,14.276,538.717,149.644,89,0,0.17,10.657,2.96,0.004,2.952,0.82,51,51,71,0,0,1,0
20:33:31:561,3.05E+14,48.611,12,3700,15.434,608.713,169.087,13.979,540.244,150.068,94,0,0.166,10.675,2.965,0.003,2.952,0.82,51,51,71,0,0,1,0
20:33:31:671,3.05E+14,48.72,12,3700,15.011,610.354,169.543,13.754,541.747,150.485,86,0,0.164,10.693,2.97,0.003,2.952,0.82,51,51,71,0,0,1,0
20:33:31:781,3.05E+14,48.831,13,3600,15.397,612.052,170.015,13.839,543.274,150.909,97,0,0.173,10.712,2.976,0.005,2.953,0.82,51,51,71,0,0,1,0
20:33:31:890,3.05E+14,48.94,17,3700,16.811,613.89,170.525,15.561,544.975,151.382,95,0,0.222,10.737,2.982,0.027,2.956,0.821,51,51,71,0,0,4,0.511
20:33:32:000,3.05E+14,49.049,13,3700,15.346,615.568,170.991,14.112,546.518,151.811,94,0,0.174,10.756,2.988,0.007,2.957,0.821,51,51,71,0,0,120,0
20:33:32:109,3.05E+14,49.159,13,3700,15.833,617.3,171.472,14.488,548.103,152.251,92,0,0.182,10.776,2.993,0.006,2.957,0.821,51,51,71,0,0,1,0
20:33:32:217,3.05E+14,49.267,12,3700,15.005,618.926,171.924,13.779,549.596,152.665,92,0,0.159,10.793,2.998,0.008,2.958,0.822,51,51,71,0,0,1,0
20:33:32:326,3.05E+14,49.376,12,3700,15.177,620.582,172.384,13.924,551.115,153.088,91,0,0.165,10.811,3.003,0.003,2.959,0.822,51,51,71,0,0,1,0
20:33:32:437,3.05E+14,49.486,12,3700,14.835,622.214,172.837,13.578,552.609,153.502,91,0,0.15,10.828,3.008,0.006,2.959,0.822,51,51,71,0,0,1,0
20:33:32:546,3.05E+14,49.596,17,3700,17.357,624.111,173.364,16.11,554.369,153.991,91,0,0.239,10.854,3.015,0.006,2.96,0.822,51,51,71,0,0,1,0
20:33:32:657,3.05E+14,49.707,24,3700,22.417,626.606,174.057,21.037,556.711,154.642,89,0,0.366,10.894,3.026,0.006,2.961,0.822,51,51,71,0,0,1,0
20:33:32:766,3.05E+14,49.816,25,3700,22.208,629.031,174.731,20.937,558.997,155.277,99,0,0.39,10.937,3.038,0.008,2.961,0.823,51,51,71,0,0,1,0
20:33:32:876,3.05E+14,49.925,30,3500,20.633,631.287,175.357,19.063,561.081,155.856,97,0,0.476,10.989,3.052,0.033,2.965,0.824,51,51,71,0,0,3,0.44
20:33:32:985,3.05E+14,50.035,16,3800,17.414,633.19,175.886,16.003,562.83,156.342,94,0,0.243,11.016,3.06,0.004,2.965,0.824,51,51,71,0,0,126,0
20:33:33:095,3.05E+14,50.145,12,3600,15.103,634.854,176.348,13.862,564.358,156.766,98,0,0.158,11.033,3.065,0.004,2.966,0.824,51,51,71,0,0,1,0
20:33:33:204,3.05E+14,50.254,13,3700,15.399,636.53,176.814,14.087,565.891,157.192,97,0,0.169,11.051,3.07,0.006,2.966,0.824,51,51,71,0,0,1,0
20:33:33:312,3.05E+14,50.362,14,3700,16.046,638.264,177.296,14.806,567.491,157.636,94,0,0.168,11.07,3.075,0.008,2.967,0.824,51,51,71,0,0,0,0
20:33:33:421,3.05E+14,50.471,10,1400,8.899,639.233,177.565,7.074,568.261,157.85,71,0,0.529,11.127,3.091,0.066,2.975,0.826,51,51,71,0,0,16,2.52
20:33:33:530,3.05E+14,50.58,10,900,1.837,639.433,177.62,0.552,568.321,157.867,69,0,0.3,11.16,3.1,0.007,2.975,0.826,51,51,71,0,0,21,0
20:33:33:639,3.05E+14,50.689,9,800,2.622,639.719,177.7,0.995,568.43,157.897,68,0,0.278,11.19,3.108,0.089,2.985,0.829,51,51,71,0,0,28,0
20:33:33:749,3.05E+14,50.799,8,3000,4.627,640.23,177.842,3.208,568.783,157.995,68,0,0.279,11.221,3.117,0.105,2.997,0.832,51,51,71,0,0,83,0
20:33:33:858,3.05E+14,50.908,49,3700,22.176,642.642,178.512,19.997,570.958,158.6,83,0,0.793,11.307,3.141,0.236,3.022,0.84,51,51,71,0,0,4,0.578
20:33:33:967,3.05E+14,51.017,51,3700,28.285,645.731,179.37,26.101,573.809,159.391,90,0,0.9,11.406,3.168,0.235,3.048,0.847,51,51,71,0,0,170,0
20:33:34:076,3.05E+14,51.126,55,3700,29.68,648.962,180.267,27.771,576.832,160.231,92,0,0.932,11.507,3.196,0.244,3.075,0.854,51,51,71,0,0,1,0
20:33:34:185,3.05E+14,51.235,66,2500,26.713,651.879,181.078,24.473,579.505,160.974,79,0,0.866,11.602,3.223,0.258,3.103,0.862,51,51,71,0,0,0,0
20:33:34:296,3.05E+14,51.345,59,3700,28.903,655.062,181.962,26.9,582.467,161.796,93,0,0.991,11.711,3.253,0.255,3.131,0.87,51,51,71,0,0,1,0
20:33:34:403,3.05E+14,51.453,49,1000,15.133,656.696,182.415,13.189,583.891,162.192,75,0,0.696,11.786,3.274,0.11,3.143,0.873,51,51,71,0,0,21,0.685
20:33:34:512,3.05E+14,51.562,57,3700,21.44,659.027,183.063,19.756,586.04,162.789,89,0,0.813,11.874,3.298,0.072,3.151,0.875,51,51,71,0,0,97,0
20:33:34:621,3.05E+14,51.671,19,900,7.641,659.863,183.295,5.604,586.652,162.959,72,0,0.521,11.931,3.314,0.004,3.151,0.875,51,51,71,0,0,11,0
20:33:34:746,3.05E+14,51.796,7,2000,5.522,660.548,183.486,3.513,587.089,163.08,71,0,0.404,11.981,3.328,0.081,3.161,0.878,51,51,71,0,0,1,0
20:33:34:871,3.05E+14,51.92,16,3700,6.181,661.321,183.7,4.104,587.601,163.223,71,0,0.354,12.026,3.34,0.25,3.192,0.887,51,51,71,0,0,9,1.144
20:33:34:996,3.05E+14,52.046,3,900,2.863,661.679,183.8,1.167,587.747,163.263,68,0,0.173,12.047,3.346,0.233,3.221,0.895,51,51,71,0,0,19,0
20:33:35:121,3.05E+14,52.171,4,900,2.519,661.994,183.887,0.976,587.869,163.297,68,0,0.173,12.069,3.352,0.283,3.257,0.905,51,51,71,0,0,8,0
20:33:35:245,3.05E+14,52.294,8,3100,4.31,662.528,184.036,2.787,588.215,163.393,68,0,0.23,12.097,3.36,0.247,3.287,0.913,51,51,71,0,0,145,0
20:33:35:354,3.05E+14,52.403,6,3700,3.031,662.858,184.127,1.525,588.381,163.439,74,0,0.176,12.117,3.366,0.236,3.313,0.92,51,51,71,0,0,0,0
20:33:35:449,3.05E+14,52.499,8,900,5.955,663.425,184.285,3.988,588.76,163.544,68,0,0.17,12.133,3.37,0.235,3.336,0.927,51,51,71,0,0,26,0
20:33:35:560,3.05E+14,52.61,6,3800,7.828,664.296,184.527,5.81,589.407,163.724,69,0,0.436,12.181,3.384,0.295,3.368,0.936,51,51,71,0,0,156,0
20:33:35:670,3.05E+14,52.719,4,900,2.817,664.605,184.612,1.325,589.552,163.764,67,0,0.168,12.2,3.389,0.239,3.395,0.943,51,51,71,0,0,13,0
20:33:35:781,3.05E+14,52.83,2,3600,3.075,664.946,184.707,1.527,589.722,163.812,67,0,0.173,12.219,3.394,0.299,3.428,0.952,51,51,71,0,0,97,0
20:33:35:891,3.05E+14,52.941,9,3700,4.303,665.421,184.839,2.739,590.024,163.896,67,0,0.258,12.247,3.402,0.256,3.456,0.96,51,51,71,0,0,5,0.595
20:33:36:002,3.05E+14,53.052,5,900,2.78,665.729,184.925,1.114,590.148,163.93,67,0,0.171,12.266,3.407,0.241,3.483,0.967,51,51,71,0,0,20,0
20:33:36:112,3.05E+14,53.162,6,900,2.33,665.986,184.996,0.745,590.23,163.953,67,0,0.154,12.283,3.412,0.291,3.515,0.976,51,51,71,0,0,22,0
20:33:36:223,3.05E+14,53.272,3,900,2.622,666.276,185.077,1.085,590.349,163.986,66,0,0.171,12.302,3.417,0.288,3.547,0.985,51,51,71,0,0,10,0
20:33:36:333,3.05E+14,53.383,5,900,2.744,666.58,185.161,1.245,590.488,164.024,66,0,0.158,12.32,3.422,0.256,3.575,0.993,51,51,71,0,0,24,0
20:33:36:443,3.05E+14,53.493,4,900,2.639,666.87,185.242,1.086,590.607,164.058,66,0,0.164,12.338,3.427,0.3,3.608,1.002,51,51,71,0,0,28,0
20:33:36:553,3.05E+14,53.603,2,2000,3.381,667.242,185.345,1.821,590.807,164.113,66,0,0.175,12.357,3.433,0.302,3.641,1.011,51,51,71,0,0,1,0
20:33:36:662,3.05E+14,53.712,4,900,2.043,667.465,185.407,0.571,590.87,164.13,66,0,0.153,12.374,3.437,0.242,3.668,1.019,51,51,71,0,0,8,0
20:33:36:772,3.05E+14,53.822,2,3800,3.363,667.835,185.51,1.859,591.074,164.187,66,0,0.189,12.395,3.443,0.254,3.696,1.027,51,51,71,0,0,158,0
20:33:36:882,3.05E+14,53.932,9,3700,5.492,668.437,185.677,3.8,591.49,164.303,68,0,0.235,12.42,3.45,0.26,3.724,1.034,51,51,71,0,0,5,0.63
20:33:36:993,3.05E+14,54.042,6,900,2.701,668.735,185.76,1.173,591.62,164.339,66,0,0.162,12.438,3.455,0.242,3.751,1.042,51,51,71,0,0,23,0
20:33:37:102,3.05E+14,54.152,2,900,2.752,669.038,185.844,1.192,591.751,164.375,66,0,0.169,12.457,3.46,0.308,3.785,1.051,51,51,71,0,0,9,0
20:33:37:212,3.05E+14,54.262,4,900,2.78,669.342,185.928,1.272,591.89,164.414,66,0,0.171,12.475,3.465,0.259,3.813,1.059,51,51,71,0,0,8,0
20:33:37:322,3.05E+14,54.372,3,900,2.861,669.659,186.016,1.377,592.043,164.456,66,0,0.16,12.493,3.47,0.253,3.841,1.067,51,51,71,0,0,8,0
20:33:37:418,3.05E+14,54.468,6,3700,5.538,670.187,186.163,4.023,592.426,164.563,73,0,0.174,12.51,3.475,0.265,3.866,1.074,51,51,71,0,0,134,0
20:33:37:528,3.05E+14,54.577,6,900,3.284,670.547,186.263,1.786,592.622,164.617,66,0,0.166,12.528,3.48,0.244,3.893,1.081,51,51,71,0,0,14,0
20:33:37:637,3.05E+14,54.686,4,900,2.797,670.852,186.348,1.066,592.738,164.65,66,0,0.161,12.546,3.485,0.308,3.927,1.091,51,51,71,0,0,30,0
20:33:37:746,3.05E+14,54.796,5,3500,2.973,671.176,186.438,1.411,592.893,164.692,66,0,0.186,12.566,3.491,0.31,3.961,1.1,51,51,71,0,0,98,0
20:33:37:856,3.05E+14,54.906,13,3900,4.695,671.693,186.581,3.158,593.24,164.789,71,0,0.226,12.591,3.497,0.257,3.989,1.108,51,51,71,0,0,4,0.603
20:33:37:967,3.05E+14,55.017,1,1200,3.278,672.058,186.683,1.796,593.44,164.845,66,0,0.186,12.611,3.503,0.247,4.016,1.116,51,51,71,0,0,3,0.276
20:33:38:075,3.05E+14,55.125,4,900,2.142,672.29,186.747,0.634,593.509,164.864,65,0,0.159,12.629,3.508,0.248,4.043,1.123,51,51,71,0,0,9,0
20:33:38:186,3.05E+14,55.236,5,3500,7.282,673.098,186.972,5.767,594.148,165.041,67,0,0.256,12.657,3.516,0.257,4.072,1.131,51,51,71,0,0,154,0
20:33:38:298,3.05E+14,55.348,15,900,3.315,673.467,187.074,1.604,594.327,165.091,66,0,0.273,12.687,3.524,0.238,4.098,1.138,51,51,71,0,0,6,0
20:33:38:406,3.05E+14,55.456,7,900,3.373,673.833,187.176,1.822,594.525,165.146,66,0,0.22,12.711,3.531,0.277,4.128,1.147,51,51,71,0,0,23,0
20:33:38:515,3.05E+14,55.565,13,3700,9.799,674.901,187.473,8.253,595.425,165.396,73,0,0.224,12.736,3.538,0.293,4.16,1.156,51,51,71,0,0,91,0
20:33:38:626,3.05E+14,55.675,5,900,6.816,675.653,187.682,5.014,595.978,165.549,66,0,0.179,12.756,3.543,0.247,4.188,1.163,51,51,71,0,0,5,0
20:33:38:735,3.05E+14,55.786,11,900,3.063,675.991,187.775,1.483,596.142,165.595,66,0,0.198,12.777,3.549,0.265,4.217,1.171,51,51,71,0,0,16,0
20:33:38:845,3.05E+14,55.896,16,3800,5.776,676.627,187.952,4.014,596.583,165.718,76,0,0.276,12.808,3.558,0.284,4.248,1.18,51,51,71,0,0,6,0.721
20:33:38:954,3.05E+14,56.004,4,900,3.33,676.988,188.052,1.814,596.78,165.772,65,0,0.212,12.831,3.564,0.254,4.276,1.188,51,51,71,0,0,26,0.176
20:33:39:063,3.05E+14,56.113,2,900,2.81,677.294,188.137,1.244,596.916,165.81,65,0,0.17,12.849,3.569,0.301,4.308,1.197,51,51,71,0,0,10,0
20:33:39:173,3.05E+14,56.223,6,900,2.902,677.613,188.226,1.404,597.07,165.853,65,0,0.172,12.868,3.575,0.255,4.336,1.205,51,51,71,0,0,18,0
20:33:39:281,3.05E+14,56.331,5,900,2.868,677.923,188.312,1.319,597.213,165.892,65,0,0.172,12.887,3.58,0.29,4.368,1.213,51,51,71,0,0,10,0
20:33:39:391,3.05E+14,56.441,5,2800,6.249,678.61,188.503,4.689,597.728,166.036,66,0,0.277,12.917,3.588,0.258,4.396,1.221,51,51,71,0,0,127,0
20:33:39:501,3.05E+14,56.551,7,3800,5.814,679.251,188.681,4.28,598.2,166.167,67,0,0.235,12.943,3.595,0.239,4.422,1.228,51,51,71,0,0,1,0
20:33:39:609,3.05E+14,56.659,6,900,2.603,679.532,188.759,0.964,598.304,166.196,65,0,0.17,12.961,3.6,0.242,4.448,1.236,51,51,71,0,0,11,0
20:33:39:718,3.05E+14,56.768,2,2100,3.175,679.876,188.855,1.52,598.469,166.241,65,0,0.215,12.985,3.607,0.296,4.481,1.245,51,51,71,0,0,1,0
20:33:39:841,3.05E+14,56.891,16,3800,5.106,680.506,189.029,3.618,598.915,166.365,75,0,0.232,13.013,3.615,0.251,4.511,1.253,51,51,71,0,0,5,0.587
20:33:39:937,3.05E+14,56.987,6,900,4.474,680.934,189.148,2.872,599.19,166.442,65,0,0.247,13.037,3.621,0.243,4.535,1.26,51,51,71,0,0,22,0.313
20:33:40:047,3.05E+14,57.097,7,900,2.801,681.243,189.234,1.26,599.329,166.48,65,0,0.171,13.056,3.627,0.29,4.567,1.269,51,51,71,0,0,22,0
20:33:40:162,3.05E+14,57.212,6,900,2.774,681.561,189.322,1.245,599.471,166.52,65,0,0.178,13.076,3.632,0.293,4.6,1.278,51,51,71,0,0,22,0
20:33:40:269,3.05E+14,57.319,5,1100,3.093,681.893,189.415,1.529,599.635,166.565,64,0,0.218,13.1,3.639,0.303,4.633,1.287,51,51,71,0,0,7,0.432
20:33:40:378,3.05E+14,57.428,9,900,2.548,682.171,189.492,0.883,599.732,166.592,64,0,0.229,13.125,3.646,0.25,4.66,1.294,51,51,71,0,0,20,0.065
20:33:40:487,3.05E+14,57.537,4,900,2.96,682.494,189.582,1.364,599.88,166.633,64,0,0.205,13.147,3.652,0.295,4.692,1.303,51,51,71,0,0,11,0.176
20:33:40:597,3.05E+14,57.647,7,900,4.011,682.936,189.704,2.488,600.155,166.71,64,0,0.233,13.173,3.659,0.263,4.721,1.311,51,51,71,0,0,22,0.133
20:33:40:706,3.05E+14,57.756,6,900,2.891,683.25,189.792,1.341,600.301,166.75,64,0,0.206,13.195,3.665,0.298,4.754,1.32,51,51,71,0,0,26,0.143
20:33:40:867,3.05E+14,57.917,15,3800,3.834,683.866,189.963,2.255,600.663,166.851,68,0,0.252,13.236,3.677,0.292,4.8,1.333,51,51,71,0,0,8,0.94
20:33:40:927,3.05E+14,57.977,2,2500,4.047,684.109,190.03,2.526,600.814,166.893,64,0,0.23,13.249,3.68,0.251,4.816,1.338,51,51,71,0,0,6,0.599
20:33:41:040,3.05E+14,58.09,21,1700,3.131,684.465,190.129,1.443,600.978,166.938,64,0,0.306,13.284,3.69,0.255,4.844,1.346,51,51,71,0,0,4,0.608
20:33:41:147,3.05E+14,58.197,17,3100,9.406,685.466,190.407,6.871,601.709,167.141,66,0,0.861,13.376,3.715,0.565,4.905,1.362,51,51,71,0,0,107,19.286
20:33:41:227,3.05E+14,58.277,10,1900,5.732,685.928,190.535,3.809,602.016,167.227,65,0,0.519,13.417,3.727,0.388,4.936,1.371,51,51,71,0,0,46,6.857
